{"stats":{"minecraft:custom":{"minecraft:interact_with_furnace":14,"minecraft:mob_kills":3,"minecraft:interact_with_crafting_table":16,"minecraft:leave_game":1,"minecraft:time_since_death":40745,"minecraft:time_since_rest":40769,"minecraft:sprint_one_cm":155298,"minecraft:damage_taken":981,"minecraft:walk_one_cm":169316,"minecraft:damage_blocked_by_shield":365,"minecraft:drop":32,"minecraft:damage_dealt":771,"minecraft:swim_one_cm":10391,"minecraft:fly_one_cm":54210,"minecraft:crouch_one_cm":1270,"minecraft:play_time":64860,"minecraft:deaths":2,"minecraft:sneak_time":810,"minecraft:walk_under_water_one_cm":15789,"minecraft:jump":927,"minecraft:walk_on_water_one_cm":19845,"minecraft:total_world_time":64860,"minecraft:fall_one_cm":16064},"minecraft:killed":{"minecraft:skeleton":1,"minecraft:zombie":1},"minecraft:crafted":{"minecraft:crafting_table":4,"regions_unexplored:maple_planks":20,"minecraft:wooden_pickaxe":1,"minecraft:iron_sword":1,"immersive_armors:wooden_leggings":1,"minecraft:stone_axe":1,"immersive_armors:wooden_chestplate":1,"immersive_armors:wooden_boots":1,"regions_unexplored:pine_planks":16,"minecraft:stick":8,"minecraft:iron_ingot":7,"minecraft:iron_pickaxe":1,"minecraft:stone_pickaxe":1,"minecraft:wooden_axe":1,"betteranimalsplus:eel_meat_cooked":2,"immersive_armors:wooden_helmet":1,"minecraft:torch":24},"minecraft:dropped":{"minecraft:stone_axe":1,"minecraft:lapis_lazuli":25,"minecraft:raw_iron":1,"minecraft:torch":5},"minecraft:mined":{"minecraft:deepslate_redstone_ore":4,"regions_unexplored:green_bioshroom":1,"minecraft:tuff":4,"regions_unexplored:dead_planks":1,"regions_unexplored:maple_log":65,"minecraft:oak_fence":1,"minecraft:crafting_table":1,"minecraft:torch":1,"minecraft:glow_lichen":1,"regions_unexplored:cattail":4,"gobber2:gobber2_lucky_block":2,"minecraft:copper_ore":12,"minecraft:lapis_ore":4,"minecraft:deepslate_gold_ore":1,"minecraft:wall_torch":2,"regions_unexplored:pine_log":4,"minecraft:redstone_ore":8,"minecraft:iron_ore":12,"regions_unexplored:mossy_stone":2,"gobber2:gobber2_lucky_block_deepslate":3,"minecraft:grass":1,"minecraft:coal_ore":5,"minecraft:deepslate_iron_ore":23,"minecraft:dirt":1,"regions_unexplored:medium_grass":1,"minecraft:stone":49,"minecraft:gold_ore":3,"minecraft:deepslate":11},"minecraft:picked_up":{"minecraft:crafting_table":1,"minecraft:tuff":5,"regions_unexplored:red_maple_sapling":8,"minecraft:shield":1,"minecraft:lapis_lazuli":25,"minecraft:dirt":1,"minecraft:raw_copper":34,"naturalist:bass":4,"minecraft:apple":2,"gobber2:gobber2_gooey_beef":1,"regions_unexplored:pine_log":4,"minecraft:cobbled_deepslate":9,"minecraft:raw_gold":4,"regions_unexplored:dead_planks":1,"minecraft:furnace":1,"gobber2:gobber2_gooey_bread":6,"regions_unexplored:duckweed":1,"minecraft:stick":24,"minecraft:raw_iron":30,"minecraft:oak_fence":2,"minecraft:torch":7,"regions_unexplored:tall_spruce_sapling":2,"regions_unexplored:pine_planks":1,"minecraft:redstone":55,"regions_unexplored:mossy_stone":2,"regions_unexplored:dead_pine_sapling":4,"regions_unexplored:cattail":3,"betteranimalsplus:eel_meat_raw":3,"minecraft:arrow":3,"minecraft:rotten_flesh":9,"regions_unexplored:green_bioshroom":1,"regions_unexplored:maple_sapling":27,"regions_unexplored:maple_log":57,"minecraft:oak_sapling":2,"minecraft:coal":6,"gobber2:gobber2_goo":1,"minecraft:cobblestone":46},"minecraft:killed_by":{"graveyard:revenant":1,"betteranimalsplus:moose":1},"minecraft:used":{"naturalist:bass":1,"minecraft:stone_pickaxe":63,"gobber2:gobber2_gooey_bread":2,"minecraft:wooden_pickaxe":21,"minecraft:shield":7,"minecraft:iron_sword":13,"regions_unexplored:green_bioshroom":1,"regions_unexplored:dead_planks":24,"minecraft:rotten_flesh":4,"regions_unexplored:maple_planks":14,"minecraft:torch":14,"minecraft:dirt":1,"regions_unexplored:dead_pine_sapling":3,"minecraft:crafting_table":5,"minecraft:wooden_axe":1,"minecraft:apple":2,"betteranimalsplus:eel_meat_cooked":2,"minecraft:iron_pickaxe":75,"gobber2:gobber2_gooey_beef":1,"minecraft:stone_axe":73,"betteranimalsplus:eel_meat_raw":3,"regions_unexplored:cattail":2,"minecraft:cobblestone":40,"minecraft:oak_sapling":1,"minecraft:furnace":1,"minecraft:cobbled_deepslate":3,"regions_unexplored:maple_log":1}},"DataVersion":3120}