{"stats":{"minecraft:mined":{"minecraft:dirt":1,"regions_unexplored:mossy_stone":2,"minecraft:stone":3,"regions_unexplored:pine_log":4,"regions_unexplored:cattail":1},"minecraft:crafted":{"regions_unexplored:pine_planks":16,"minecraft:crafting_table":1,"minecraft:stick":4,"minecraft:wooden_pickaxe":1},"minecraft:used":{"minecraft:crafting_table":1,"minecraft:oak_sapling":1,"minecraft:wooden_pickaxe":5},"minecraft:custom":{"minecraft:time_since_rest":5901,"minecraft:crouch_one_cm":190,"minecraft:sprint_one_cm":17118,"minecraft:play_time":5901,"minecraft:damage_taken":30,"minecraft:walk_one_cm":14258,"minecraft:sneak_time":151,"minecraft:jump":116,"minecraft:damage_dealt":10,"minecraft:leave_game":1,"minecraft:time_since_death":5901,"minecraft:total_world_time":5901,"minecraft:interact_with_crafting_table":1,"minecraft:fall_one_cm":2479,"minecraft:fly_one_cm":13816},"minecraft:picked_up":{"regions_unexplored:pine_log":4,"minecraft:oak_sapling":1,"regions_unexplored:mossy_stone":2,"minecraft:cobblestone":3,"minecraft:dirt":1}},"DataVersion":3120}