{"stats":{"minecraft:broken":{"minecraft:wooden_axe":1},"minecraft:custom":{"minecraft:mob_kills":11,"minecraft:interact_with_crafting_table":38,"minecraft:leave_game":4,"minecraft:time_since_death":5412,"minecraft:climb_one_cm":2785,"minecraft:sprint_one_cm":360968,"minecraft:walk_one_cm":312806,"minecraft:damage_blocked_by_shield":708,"minecraft:drop":42,"minecraft:play_time":148194,"minecraft:deaths":7,"minecraft:sneak_time":823,"minecraft:walk_under_water_one_cm":62770,"minecraft:boat_one_cm":123553,"minecraft:jump":2425,"minecraft:walk_on_water_one_cm":79420,"minecraft:total_world_time":148194,"minecraft:interact_with_furnace":43,"minecraft:time_since_rest":5570,"minecraft:damage_taken":2665,"minecraft:damage_dealt":1721,"minecraft:swim_one_cm":63677,"minecraft:fly_one_cm":132954,"minecraft:open_chest":8,"minecraft:crouch_one_cm":1282,"minecraft:fall_one_cm":29387},"minecraft:killed":{"minecraft:spider":1,"minecraft:skeleton":1,"naturalist:bass":2,"betteranimalsplus:goose":1,"betteranimalsplus:lamprey":2,"minecraft:sheep":2,"minecraft:zombie":1},"minecraft:crafted":{"regions_unexplored:maple_planks":20,"minecraft:furnace":1,"naturalist:cooked_bass":3,"immersive_armors:wooden_chestplate":3,"minecraft:iron_boots":1,"minecraft:iron_axe":1,"byg:maple_boat":1,"minecraft:stone_pickaxe":3,"minecraft:chest":1,"immersive_armors:wooden_helmet":3,"minecraft:crafting_table":10,"minecraft:wooden_pickaxe":3,"minecraft:iron_helmet":1,"minecraft:iron_sword":1,"immersive_armors:wooden_leggings":3,"minecraft:stone_axe":1,"byg:palm_planks":52,"immersive_armors:wooden_boots":3,"regions_unexplored:pine_planks":104,"minecraft:iron_chestplate":1,"minecraft:stick":20,"byg:maple_planks":20,"minecraft:iron_ingot":28,"minecraft:iron_pickaxe":1,"minecraft:wooden_axe":3,"minecraft:iron_leggings":1,"betteranimalsplus:eel_meat_cooked":2,"minecraft:torch":24},"minecraft:dropped":{"minecraft:iron_sword":1,"minecraft:lapis_lazuli":25,"graveyard:corruption":1,"regions_unexplored:dead_pine_sapling":2,"minecraft:torch":6,"minecraft:mutton":2,"minecraft:wooden_axe":1,"regions_unexplored:tall_spruce_sapling":2,"gobber2:gobber2_gooey_bread":1,"minecraft:stone_axe":1,"minecraft:raw_iron":1},"minecraft:mined":{"byg:maple_log":26,"regions_unexplored:green_bioshroom":1,"minecraft:tuff":21,"regions_unexplored:maple_log":65,"minecraft:glow_lichen":1,"regions_unexplored:cattail":5,"minecraft:grass_block":6,"gobber2:gobber2_lucky_block":2,"regions_unexplored:pine_planks":2,"minecraft:large_fern":1,"minecraft:redstone_ore":8,"minecraft:furnace":2,"minecraft:iron_ore":12,"regions_unexplored:mossy_stone":2,"minecraft:andesite":13,"regions_unexplored:pine_leaves":1,"minecraft:deepslate_iron_ore":23,"regions_unexplored:medium_grass":2,"minecraft:stone":108,"minecraft:deepslate_redstone_ore":4,"regions_unexplored:dead_planks":1,"regions_unexplored:duckweed":1,"minecraft:oak_fence":1,"minecraft:crafting_table":1,"minecraft:torch":1,"minecraft:copper_ore":12,"minecraft:lapis_ore":4,"minecraft:deepslate_gold_ore":1,"minecraft:diorite":8,"minecraft:wall_torch":2,"regions_unexplored:pine_log":90,"byg:soapstone":35,"naturalist:duckweed":1,"byg:palm_log":13,"minecraft:sweet_berry_bush":3,"gobber2:gobber2_lucky_block_deepslate":3,"regions_unexplored:pine_log_transition":1,"minecraft:grass":14,"minecraft:oak_log":7,"minecraft:coal_ore":5,"minecraft:sunflower":1,"minecraft:dirt":28,"byg:blueberry_bush":1,"regions_unexplored:stripped_pine_log":2,"minecraft:gold_ore":3,"minecraft:oak_leaves":2,"minecraft:deepslate":58,"minecraft:fern":1},"minecraft:picked_up":{"minecraft:wooden_axe":1,"minecraft:crafting_table":1,"byg:soapstone":30,"minecraft:lead":2,"minecraft:shield":2,"minecraft:raw_copper":34,"graveyard:corruption":1,"regions_unexplored:stripped_pine_log":2,"regions_unexplored:pine_log":84,"minecraft:cobbled_deepslate":56,"minecraft:furnace":3,"regions_unexplored:duckweed":1,"minecraft:stick":32,"minecraft:raw_iron":30,"minecraft:oak_fence":2,"minecraft:torch":7,"minecraft:redstone":55,"regions_unexplored:mossy_stone":2,"regions_unexplored:dead_pine_sapling":6,"minecraft:arrow":5,"minecraft:rotten_flesh":9,"regions_unexplored:green_bioshroom":1,"regions_unexplored:maple_sapling":27,"byg:palm_log":13,"minecraft:mutton":4,"minecraft:white_wool":1,"minecraft:cobblestone":87,"byg:red_maple_sapling":2,"minecraft:andesite":2,"minecraft:brown_wool":1,"minecraft:tuff":17,"minecraft:oak_log":7,"minecraft:lily_pad":1,"regions_unexplored:red_maple_sapling":8,"minecraft:lapis_lazuli":25,"minecraft:dirt":34,"naturalist:bass":6,"minecraft:apple":3,"gobber2:gobber2_gooey_beef":1,"minecraft:wheat_seeds":1,"byg:blueberries":3,"minecraft:raw_gold":4,"minecraft:iron_ingot":7,"regions_unexplored:dead_planks":1,"regions_unexplored:pine_boat":1,"minecraft:iron_sword":1,"minecraft:mossy_stone_brick_stairs":1,"gobber2:gobber2_gooey_bread":6,"byg:maple_log":17,"minecraft:sweet_berries":7,"regions_unexplored:pine_sapling":10,"regions_unexplored:tall_spruce_sapling":4,"regions_unexplored:pine_planks":3,"byg:palm_planks":8,"minecraft:spider_eye":1,"regions_unexplored:cattail":5,"betteranimalsplus:eel_meat_raw":3,"regions_unexplored:maple_log":57,"minecraft:oak_sapling":4,"gobber2:gobber2_goo":1,"minecraft:coal":6,"minecraft:sunflower":1},"minecraft:killed_by":{"betteranimalsplus:moose":2,"mutantmonsters:mutant_skeleton":1,"minecraft:zombie":1,"graveyard:revenant":1},"minecraft:used":{"regions_unexplored:pine_planks":47,"gobber2:gobber2_gooey_bread":5,"minecraft:chest":1,"minecraft:shield":21,"minecraft:iron_sword":34,"minecraft:rotten_flesh":9,"minecraft:iron_chestplate":1,"regions_unexplored:maple_planks":14,"minecraft:torch":17,"minecraft:dirt":15,"minecraft:mutton":1,"regions_unexplored:dead_pine_sapling":3,"naturalist:cooked_bass":3,"minecraft:tuff":1,"minecraft:wooden_axe":128,"betteranimalsplus:eel_meat_cooked":2,"minecraft:iron_axe":23,"minecraft:iron_helmet":1,"regions_unexplored:stripped_pine_log":2,"gobber2:gobber2_gooey_beef":1,"minecraft:sweet_berries":4,"minecraft:oak_sapling":1,"minecraft:furnace":3,"minecraft:cobbled_deepslate":56,"naturalist:bass":1,"minecraft:stone_pickaxe":128,"minecraft:wooden_pickaxe":43,"regions_unexplored:green_bioshroom":1,"regions_unexplored:dead_planks":24,"minecraft:crafting_table":11,"minecraft:apple":3,"minecraft:sunflower":1,"minecraft:iron_pickaxe":201,"minecraft:stone_axe":73,"betteranimalsplus:eel_meat_raw":3,"regions_unexplored:cattail":2,"minecraft:cobblestone":57,"byg:palm_planks":1,"byg:maple_boat":1,"regions_unexplored:maple_log":1}},"DataVersion":3120}