{"stats":{"minecraft:broken":{"minecraft:wooden_axe":1},"minecraft:custom":{"minecraft:mob_kills":18,"minecraft:interact_with_crafting_table":59,"minecraft:leave_game":5,"minecraft:time_since_death":10363,"minecraft:climb_one_cm":3777,"minecraft:sprint_one_cm":617540,"minecraft:walk_one_cm":477043,"minecraft:damage_blocked_by_shield":1078,"minecraft:drop":61,"minecraft:play_time":213509,"minecraft:deaths":13,"minecraft:sneak_time":839,"minecraft:walk_under_water_one_cm":78532,"minecraft:boat_one_cm":387746,"minecraft:jump":3398,"minecraft:walk_on_water_one_cm":100034,"minecraft:total_world_time":213509,"minecraft:interact_with_furnace":44,"minecraft:time_since_rest":10395,"minecraft:damage_taken":4673,"minecraft:damage_dealt":4137,"minecraft:swim_one_cm":87284,"minecraft:fly_one_cm":214908,"minecraft:open_chest":10,"minecraft:crouch_one_cm":1289,"minecraft:fall_one_cm":44147},"minecraft:killed":{"minecraft:spider":1,"minecraft:skeleton":1,"betteranimalsplus:goose":1,"naturalist:bass":2,"betteranimalsplus:lamprey":2,"minecraft:sheep":2,"minecraft:pillager":5,"minecraft:zombie":2},"minecraft:crafted":{"minecraft:oak_planks":8,"minecraft:stone_shovel":1,"regions_unexplored:maple_planks":32,"minecraft:furnace":1,"naturalist:cooked_bass":3,"minecraft:flint_and_steel":1,"immersive_armors:wooden_chestplate":3,"minecraft:iron_boots":1,"minecraft:iron_axe":1,"byg:maple_boat":2,"minecraft:stone_pickaxe":3,"minecraft:chest":1,"immersive_armors:wooden_helmet":3,"minecraft:crafting_table":17,"minecraft:wooden_pickaxe":3,"minecraft:iron_helmet":1,"minecraft:iron_sword":1,"immersive_armors:wooden_leggings":3,"regions_unexplored:pine_boat":3,"minecraft:stone_axe":1,"byg:palm_planks":52,"immersive_armors:wooden_boots":3,"regions_unexplored:pine_planks":144,"minecraft:iron_chestplate":1,"minecraft:stick":20,"minecraft:iron_ingot":28,"byg:maple_planks":56,"minecraft:iron_pickaxe":1,"minecraft:wooden_axe":3,"minecraft:iron_leggings":1,"betteranimalsplus:eel_meat_cooked":2,"minecraft:torch":24},"minecraft:mined":{"byg:maple_log":26,"regions_unexplored:green_bioshroom":1,"minecraft:tuff":21,"regions_unexplored:maple_log":140,"byg:cattail":1,"minecraft:glow_lichen":1,"regions_unexplored:cattail":5,"minecraft:grass_block":11,"gobber2:gobber2_lucky_block":2,"regions_unexplored:pine_planks":2,"minecraft:large_fern":1,"minecraft:redstone_ore":8,"minecraft:furnace":2,"minecraft:iron_ore":12,"regions_unexplored:mossy_stone":4,"minecraft:andesite":14,"regions_unexplored:pine_leaves":1,"minecraft:deepslate_iron_ore":23,"regions_unexplored:medium_grass":3,"minecraft:stone":127,"minecraft:deepslate_redstone_ore":4,"regions_unexplored:dead_planks":1,"regions_unexplored:duckweed":1,"minecraft:oak_fence":1,"minecraft:crafting_table":1,"minecraft:torch":2,"minecraft:copper_ore":12,"minecraft:cobblestone":5,"minecraft:lapis_ore":4,"minecraft:deepslate_gold_ore":1,"minecraft:diorite":8,"minecraft:wall_torch":11,"byg:lush_grass_block":5,"regions_unexplored:pine_log":100,"byg:soapstone":35,"minecraft:coarse_dirt":1,"byg:lush_dirt":2,"naturalist:duckweed":1,"byg:palm_log":13,"minecraft:sweet_berry_bush":3,"regions_unexplored:pine_log_transition":1,"gobber2:gobber2_lucky_block_deepslate":3,"minecraft:grass":33,"minecraft:oak_log":9,"minecraft:coal_ore":5,"minecraft:sunflower":1,"minecraft:gravel":11,"minecraft:dirt":46,"byg:blueberry_bush":15,"regions_unexplored:stripped_pine_log":2,"minecraft:gold_ore":3,"minecraft:oak_leaves":3,"minecraft:deepslate":58,"minecraft:fern":2},"minecraft:picked_up":{"minecraft:coarse_dirt":1,"minecraft:crafting_table":1,"byg:soapstone":30,"byg:lush_dirt":1,"minecraft:lead":2,"regions_unexplored:maple_boat":5,"minecraft:shield":2,"minecraft:string":6,"minecraft:raw_copper":34,"graveyard:corruption":1,"regions_unexplored:stripped_pine_log":2,"regions_unexplored:pine_log":94,"minecraft:cobbled_deepslate":56,"minecraft:furnace":3,"regions_unexplored:duckweed":1,"minecraft:stick":52,"minecraft:raw_iron":30,"byg:cattail_sprout":4,"minecraft:oak_fence":2,"minecraft:torch":16,"minecraft:redstone":55,"regions_unexplored:mossy_stone":3,"regions_unexplored:dead_pine_sapling":6,"minecraft:arrow":7,"minecraft:rotten_flesh":11,"regions_unexplored:green_bioshroom":1,"regions_unexplored:maple_sapling":40,"byg:palm_log":13,"minecraft:mutton":4,"minecraft:white_wool":1,"minecraft:cobblestone":110,"byg:red_maple_sapling":6,"minecraft:andesite":3,"minecraft:brown_wool":1,"minecraft:flint":1,"minecraft:tuff":17,"minecraft:oak_log":10,"minecraft:lily_pad":6,"regions_unexplored:red_maple_sapling":8,"minecraft:lapis_lazuli":25,"minecraft:dirt":59,"naturalist:bass":6,"minecraft:apple":4,"minecraft:kelp":8,"gobber2:gobber2_gooey_beef":1,"minecraft:wheat_seeds":1,"byg:blueberries":35,"minecraft:raw_gold":4,"regions_unexplored:dead_planks":1,"minecraft:stone_pickaxe":1,"minecraft:iron_ingot":7,"regions_unexplored:pine_boat":2,"minecraft:iron_sword":1,"minecraft:mossy_stone_brick_stairs":1,"gobber2:gobber2_gooey_bread":6,"byg:maple_log":26,"minecraft:sweet_berries":7,"regions_unexplored:pine_sapling":10,"regions_unexplored:tall_spruce_sapling":4,"minecraft:gravel":9,"regions_unexplored:pine_planks":3,"byg:palm_planks":8,"minecraft:spider_eye":1,"regions_unexplored:cattail":5,"betteranimalsplus:eel_meat_raw":3,"minecraft:crossbow":1,"regions_unexplored:maple_log":112,"minecraft:oak_sapling":5,"gobber2:gobber2_goo":1,"minecraft:coal":6,"minecraft:sunflower":1,"minecraft:wooden_axe":2},"minecraft:dropped":{"byg:cattail_sprout":4,"minecraft:iron_sword":1,"byg:blueberries":1,"minecraft:lapis_lazuli":25,"byg:red_maple_sapling":6,"graveyard:corruption":1,"regions_unexplored:dead_pine_sapling":2,"minecraft:torch":6,"minecraft:mutton":2,"minecraft:wooden_axe":1,"regions_unexplored:tall_spruce_sapling":2,"minecraft:string":4,"minecraft:lily_pad":5,"gobber2:gobber2_gooey_bread":1,"minecraft:stone_axe":1,"minecraft:raw_iron":1,"regions_unexplored:maple_sapling":13,"regions_unexplored:cattail":1},"minecraft:killed_by":{"minecraft:spider":1,"minecraft:pillager":3,"betteranimalsplus:moose":2,"mutantmonsters:mutant_skeleton":2,"minecraft:skeleton":1,"minecraft:zombie":1,"graveyard:revenant":1},"minecraft:used":{"regions_unexplored:pine_planks":47,"gobber2:gobber2_goo":1,"minecraft:flint_and_steel":27,"minecraft:stone_shovel":4,"gobber2:gobber2_gooey_bread":5,"minecraft:chest":1,"minecraft:shield":34,"minecraft:iron_sword":100,"byg:maple_planks":11,"minecraft:rotten_flesh":12,"minecraft:iron_chestplate":1,"regions_unexplored:maple_planks":14,"minecraft:torch":28,"regions_unexplored:mossy_stone":1,"minecraft:dirt":40,"minecraft:mutton":2,"regions_unexplored:dead_pine_sapling":3,"naturalist:cooked_bass":3,"minecraft:tuff":1,"byg:lush_dirt":1,"minecraft:wooden_axe":128,"betteranimalsplus:eel_meat_cooked":2,"minecraft:iron_axe":140,"minecraft:iron_helmet":1,"regions_unexplored:stripped_pine_log":2,"gobber2:gobber2_gooey_beef":1,"minecraft:sweet_berries":4,"minecraft:oak_sapling":1,"minecraft:furnace":4,"minecraft:cobbled_deepslate":56,"naturalist:bass":3,"minecraft:stone_pickaxe":172,"minecraft:wooden_pickaxe":43,"regions_unexplored:green_bioshroom":1,"regions_unexplored:dead_planks":24,"minecraft:crafting_table":18,"byg:blueberries":34,"minecraft:apple":4,"minecraft:sunflower":1,"regions_unexplored:pine_boat":4,"minecraft:brown_wool":1,"minecraft:iron_pickaxe":220,"minecraft:stone_axe":73,"betteranimalsplus:eel_meat_raw":3,"regions_unexplored:cattail":2,"minecraft:cobblestone":82,"minecraft:andesite":3,"byg:palm_planks":26,"byg:maple_boat":2,"regions_unexplored:maple_log":4,"regions_unexplored:maple_boat":1}},"DataVersion":3120}