{"stats":{"minecraft:mined":{"minecraft:iron_ore":4,"regions_unexplored:maple_log":65,"regions_unexplored:mossy_stone":2,"minecraft:crafting_table":1,"regions_unexplored:cattail":4,"minecraft:grass":1,"minecraft:coal_ore":2,"minecraft:dirt":1,"regions_unexplored:medium_grass":1,"minecraft:lapis_ore":4,"minecraft:stone":33,"regions_unexplored:pine_log":4},"minecraft:killed_by":{"graveyard:revenant":1,"betteranimalsplus:moose":1},"minecraft:crafted":{"immersive_armors:wooden_boots":1,"regions_unexplored:pine_planks":16,"minecraft:crafting_table":3,"betteranimalsplus:eel_meat_cooked":1,"minecraft:stick":8,"regions_unexplored:maple_planks":20,"minecraft:wooden_pickaxe":1,"minecraft:stone_pickaxe":1,"immersive_armors:wooden_leggings":1,"immersive_armors:wooden_helmet":1,"minecraft:torch":8,"minecraft:stone_axe":1,"immersive_armors:wooden_chestplate":1},"minecraft:used":{"naturalist:bass":1,"minecraft:apple":2,"betteranimalsplus:eel_meat_cooked":1,"minecraft:stone_pickaxe":35,"minecraft:wooden_pickaxe":20,"betteranimalsplus:eel_meat_raw":3,"minecraft:stone_axe":73,"regions_unexplored:maple_planks":10,"minecraft:torch":2,"minecraft:dirt":1,"minecraft:cobblestone":26,"regions_unexplored:cattail":2,"regions_unexplored:dead_pine_sapling":3,"minecraft:crafting_table":3,"minecraft:oak_sapling":1,"regions_unexplored:maple_log":1},"minecraft:custom":{"minecraft:time_since_rest":5810,"minecraft:interact_with_furnace":7,"minecraft:sprint_one_cm":91124,"minecraft:damage_taken":731,"minecraft:walk_one_cm":63379,"minecraft:mob_kills":1,"minecraft:drop":27,"minecraft:damage_dealt":219,"minecraft:swim_one_cm":1931,"minecraft:interact_with_crafting_table":10,"minecraft:fly_one_cm":36398,"minecraft:crouch_one_cm":1049,"minecraft:play_time":29901,"minecraft:deaths":2,"minecraft:sneak_time":634,"minecraft:walk_under_water_one_cm":6149,"minecraft:jump":373,"minecraft:leave_game":1,"minecraft:walk_on_water_one_cm":2951,"minecraft:time_since_death":5786,"minecraft:total_world_time":29901,"minecraft:fall_one_cm":8682},"minecraft:picked_up":{"regions_unexplored:duckweed":1,"minecraft:raw_iron":3,"minecraft:stick":24,"minecraft:crafting_table":1,"regions_unexplored:tall_spruce_sapling":2,"regions_unexplored:red_maple_sapling":8,"minecraft:shield":1,"minecraft:lapis_lazuli":25,"regions_unexplored:mossy_stone":2,"minecraft:dirt":1,"naturalist:bass":4,"betteranimalsplus:eel_meat_raw":3,"regions_unexplored:dead_pine_sapling":4,"regions_unexplored:cattail":3,"minecraft:apple":2,"regions_unexplored:maple_sapling":27,"regions_unexplored:pine_log":4,"regions_unexplored:maple_log":57,"minecraft:oak_sapling":2,"minecraft:coal":3,"minecraft:cobblestone":32},"minecraft:dropped":{"minecraft:stone_axe":1,"minecraft:lapis_lazuli":25,"minecraft:raw_iron":1}},"DataVersion":3120}