{"stats":{"minecraft:broken":{"minecraft:wooden_axe":1},"minecraft:custom":{"minecraft:interact_with_furnace":14,"minecraft:mob_kills":5,"minecraft:interact_with_crafting_table":27,"minecraft:leave_game":1,"minecraft:time_since_death":12226,"minecraft:climb_one_cm":512,"minecraft:time_since_rest":12253,"minecraft:sprint_one_cm":190893,"minecraft:damage_taken":1560,"minecraft:walk_one_cm":200821,"minecraft:damage_blocked_by_shield":605,"minecraft:drop":32,"minecraft:damage_dealt":923,"minecraft:swim_one_cm":54524,"minecraft:fly_one_cm":75812,"minecraft:crouch_one_cm":1270,"minecraft:play_time":88860,"minecraft:deaths":4,"minecraft:sneak_time":810,"minecraft:walk_under_water_one_cm":43023,"minecraft:jump":1146,"minecraft:walk_on_water_one_cm":44035,"minecraft:total_world_time":88860,"minecraft:fall_one_cm":18784},"minecraft:crafted":{"minecraft:crafting_table":8,"regions_unexplored:maple_planks":20,"minecraft:wooden_pickaxe":3,"minecraft:iron_sword":1,"immersive_armors:wooden_leggings":3,"minecraft:stone_axe":1,"immersive_armors:wooden_chestplate":3,"immersive_armors:wooden_boots":3,"regions_unexplored:pine_planks":104,"minecraft:stick":20,"minecraft:iron_ingot":7,"minecraft:iron_pickaxe":1,"minecraft:stone_pickaxe":3,"minecraft:wooden_axe":3,"betteranimalsplus:eel_meat_cooked":2,"immersive_armors:wooden_helmet":3,"minecraft:torch":24},"minecraft:killed":{"betteranimalsplus:lamprey":2,"minecraft:skeleton":1,"minecraft:zombie":1},"minecraft:dropped":{"minecraft:stone_axe":1,"minecraft:lapis_lazuli":25,"minecraft:raw_iron":1,"minecraft:torch":5},"minecraft:mined":{"minecraft:deepslate_redstone_ore":4,"regions_unexplored:green_bioshroom":1,"minecraft:tuff":4,"regions_unexplored:dead_planks":1,"regions_unexplored:maple_log":65,"minecraft:oak_fence":1,"minecraft:crafting_table":1,"minecraft:torch":1,"minecraft:glow_lichen":1,"regions_unexplored:cattail":4,"minecraft:grass_block":1,"gobber2:gobber2_lucky_block":2,"minecraft:copper_ore":12,"regions_unexplored:pine_planks":2,"minecraft:lapis_ore":4,"minecraft:deepslate_gold_ore":1,"minecraft:wall_torch":2,"regions_unexplored:pine_log":90,"byg:soapstone":10,"minecraft:redstone_ore":8,"minecraft:iron_ore":12,"minecraft:sweet_berry_bush":1,"regions_unexplored:mossy_stone":2,"minecraft:oak_log":7,"gobber2:gobber2_lucky_block_deepslate":3,"regions_unexplored:pine_log_transition":1,"regions_unexplored:pine_leaves":1,"minecraft:grass":6,"minecraft:coal_ore":5,"minecraft:deepslate_iron_ore":23,"minecraft:dirt":9,"regions_unexplored:stripped_pine_log":2,"regions_unexplored:medium_grass":2,"minecraft:stone":79,"minecraft:gold_ore":3,"minecraft:deepslate":22},"minecraft:picked_up":{"minecraft:crafting_table":1,"byg:soapstone":7,"minecraft:tuff":5,"minecraft:oak_log":7,"regions_unexplored:red_maple_sapling":8,"minecraft:shield":1,"minecraft:lapis_lazuli":25,"minecraft:dirt":10,"minecraft:raw_copper":34,"naturalist:bass":4,"minecraft:apple":3,"graveyard:corruption":1,"regions_unexplored:stripped_pine_log":2,"gobber2:gobber2_gooey_beef":1,"regions_unexplored:pine_log":84,"minecraft:cobbled_deepslate":17,"minecraft:raw_gold":4,"regions_unexplored:dead_planks":1,"minecraft:furnace":1,"gobber2:gobber2_gooey_bread":6,"regions_unexplored:duckweed":1,"minecraft:stick":32,"minecraft:raw_iron":30,"minecraft:sweet_berries":2,"regions_unexplored:pine_sapling":10,"minecraft:oak_fence":2,"minecraft:torch":7,"regions_unexplored:tall_spruce_sapling":2,"regions_unexplored:pine_planks":3,"minecraft:redstone":55,"regions_unexplored:mossy_stone":2,"regions_unexplored:dead_pine_sapling":4,"regions_unexplored:cattail":3,"betteranimalsplus:eel_meat_raw":3,"minecraft:arrow":3,"minecraft:rotten_flesh":9,"regions_unexplored:green_bioshroom":1,"regions_unexplored:maple_sapling":27,"regions_unexplored:maple_log":57,"minecraft:oak_sapling":4,"minecraft:coal":6,"gobber2:gobber2_goo":1,"minecraft:cobblestone":75},"minecraft:killed_by":{"minecraft:zombie":1,"graveyard:revenant":1,"betteranimalsplus:moose":1},"minecraft:used":{"regions_unexplored:pine_planks":47,"naturalist:bass":1,"minecraft:stone_pickaxe":103,"gobber2:gobber2_gooey_bread":2,"minecraft:wooden_pickaxe":43,"minecraft:shield":16,"minecraft:iron_sword":13,"regions_unexplored:green_bioshroom":1,"regions_unexplored:dead_planks":24,"minecraft:rotten_flesh":4,"regions_unexplored:maple_planks":14,"minecraft:torch":14,"minecraft:dirt":4,"regions_unexplored:dead_pine_sapling":3,"minecraft:crafting_table":9,"minecraft:wooden_axe":114,"minecraft:apple":3,"betteranimalsplus:eel_meat_cooked":2,"minecraft:iron_pickaxe":77,"regions_unexplored:stripped_pine_log":2,"gobber2:gobber2_gooey_beef":1,"minecraft:stone_axe":73,"betteranimalsplus:eel_meat_raw":3,"regions_unexplored:cattail":2,"minecraft:cobblestone":44,"minecraft:sweet_berries":2,"minecraft:oak_sapling":1,"minecraft:furnace":1,"minecraft:cobbled_deepslate":3,"regions_unexplored:maple_log":1}},"DataVersion":3120}