{"stats":{"minecraft:mined":{"minecraft:iron_ore":2,"regions_unexplored:maple_log":65,"regions_unexplored:mossy_stone":2,"minecraft:crafting_table":1,"regions_unexplored:cattail":3,"minecraft:grass":1,"minecraft:dirt":1,"regions_unexplored:medium_grass":1,"minecraft:lapis_ore":4,"minecraft:stone":27,"regions_unexplored:pine_log":4},"minecraft:killed_by":{"betteranimalsplus:moose":1},"minecraft:crafted":{"immersive_armors:wooden_boots":1,"regions_unexplored:pine_planks":16,"minecraft:crafting_table":2,"minecraft:stick":8,"minecraft:wooden_pickaxe":1,"minecraft:stone_pickaxe":1,"immersive_armors:wooden_leggings":1,"immersive_armors:wooden_helmet":1,"minecraft:stone_axe":1,"immersive_armors:wooden_chestplate":1},"minecraft:used":{"minecraft:apple":2,"minecraft:stone_pickaxe":26,"minecraft:wooden_pickaxe":15,"minecraft:stone_axe":73,"regions_unexplored:cattail":2,"regions_unexplored:dead_pine_sapling":3,"minecraft:crafting_table":3,"minecraft:oak_sapling":1},"minecraft:custom":{"minecraft:time_since_rest":6998,"minecraft:sprint_one_cm":59451,"minecraft:damage_taken":305,"minecraft:walk_one_cm":39737,"minecraft:mob_kills":1,"minecraft:drop":1,"minecraft:damage_dealt":122,"minecraft:interact_with_crafting_table":6,"minecraft:fly_one_cm":26503,"minecraft:crouch_one_cm":190,"minecraft:play_time":17901,"minecraft:deaths":1,"minecraft:sneak_time":151,"minecraft:jump":223,"minecraft:leave_game":1,"minecraft:time_since_death":6976,"minecraft:total_world_time":17901,"minecraft:fall_one_cm":4840},"minecraft:picked_up":{"minecraft:raw_iron":2,"minecraft:stick":24,"minecraft:crafting_table":1,"regions_unexplored:tall_spruce_sapling":2,"regions_unexplored:red_maple_sapling":8,"minecraft:lapis_lazuli":25,"regions_unexplored:mossy_stone":2,"minecraft:dirt":1,"regions_unexplored:dead_pine_sapling":4,"regions_unexplored:cattail":2,"minecraft:apple":2,"regions_unexplored:maple_sapling":27,"regions_unexplored:pine_log":4,"regions_unexplored:maple_log":57,"minecraft:oak_sapling":2,"minecraft:cobblestone":26},"minecraft:dropped":{"minecraft:stone_axe":1}},"DataVersion":3120}