{"stats":{"minecraft:broken":{"minecraft:wooden_axe":1},"minecraft:custom":{"minecraft:mob_kills":22,"minecraft:interact_with_crafting_table":72,"minecraft:leave_game":7,"minecraft:time_since_death":5013,"minecraft:climb_one_cm":7502,"minecraft:sprint_one_cm":716695,"minecraft:walk_one_cm":537004,"minecraft:damage_blocked_by_shield":1328,"minecraft:drop":75,"minecraft:play_time":249198,"minecraft:deaths":16,"minecraft:sneak_time":854,"minecraft:walk_under_water_one_cm":85244,"minecraft:boat_one_cm":498661,"minecraft:jump":3764,"minecraft:walk_on_water_one_cm":114289,"minecraft:total_world_time":249198,"minecraft:interact_with_furnace":58,"minecraft:time_since_rest":5060,"minecraft:damage_taken":5441,"minecraft:damage_dealt":4700,"minecraft:swim_one_cm":96221,"minecraft:fly_one_cm":242412,"minecraft:open_chest":15,"minecraft:crouch_one_cm":1289,"minecraft:fall_one_cm":48185},"minecraft:killed":{"betteranimalsplus:turkey":2,"minecraft:spider":1,"minecraft:skeleton":1,"betteranimalsplus:goose":1,"naturalist:bass":2,"betteranimalsplus:lamprey":2,"betteranimalsplus:eel_freshwater":1,"minecraft:sheep":2,"minecraft:pillager":6,"minecraft:zombie":2},"minecraft:crafted":{"minecraft:oak_planks":8,"minecraft:stone_shovel":1,"regions_unexplored:maple_planks":44,"minecraft:furnace":3,"naturalist:cooked_bass":3,"immersive_armors:wooden_chestplate":3,"minecraft:flint_and_steel":1,"betteranimalsplus:turkey_leg_cooked":3,"minecraft:iron_boots":1,"minecraft:iron_axe":1,"byg:maple_boat":2,"minecraft:stone_pickaxe":3,"minecraft:chest":2,"immersive_armors:wooden_helmet":3,"minecraft:crafting_table":20,"minecraft:wooden_pickaxe":3,"minecraft:iron_helmet":1,"minecraft:iron_sword":1,"immersive_armors:wooden_leggings":3,"regions_unexplored:pine_boat":6,"minecraft:stone_axe":1,"byg:palm_planks":52,"immersive_armors:wooden_boots":3,"regions_unexplored:pine_planks":188,"minecraft:iron_chestplate":1,"minecraft:stick":20,"minecraft:iron_ingot":28,"byg:maple_planks":56,"minecraft:iron_pickaxe":1,"minecraft:wooden_axe":3,"minecraft:iron_leggings":1,"betteranimalsplus:eel_meat_cooked":2,"minecraft:torch":24},"minecraft:mined":{"byg:maple_log":26,"regions_unexplored:green_bioshroom":1,"minecraft:tuff":21,"byg:clover_patch":2,"minecraft:dark_oak_leaves":1,"regions_unexplored:maple_log":140,"byg:cattail":1,"minecraft:glow_lichen":1,"regions_unexplored:cattail":5,"minecraft:grass_block":12,"gobber2:gobber2_lucky_block":2,"regions_unexplored:pine_planks":2,"minecraft:large_fern":1,"minecraft:redstone_ore":8,"minecraft:furnace":3,"minecraft:iron_ore":12,"regions_unexplored:mossy_stone":4,"minecraft:andesite":14,"regions_unexplored:pine_leaves":1,"regions_unexplored:tall_maple_sapling":1,"minecraft:vine":1,"minecraft:deepslate_iron_ore":23,"regions_unexplored:medium_grass":4,"minecraft:stone":142,"byg:white_puffball":1,"minecraft:deepslate_redstone_ore":4,"regions_unexplored:dead_planks":1,"minecraft:kelp_plant":1,"regions_unexplored:duckweed":25,"minecraft:oak_fence":1,"minecraft:crafting_table":1,"minecraft:torch":2,"minecraft:copper_ore":12,"minecraft:cobblestone":6,"minecraft:lapis_ore":4,"minecraft:deepslate_gold_ore":1,"minecraft:diorite":8,"minecraft:wall_torch":12,"byg:lush_grass_block":5,"regions_unexplored:pine_log":112,"byg:soapstone":36,"minecraft:coarse_dirt":4,"naturalist:duckweed":1,"byg:lush_dirt":2,"byg:palm_log":13,"minecraft:sweet_berry_bush":3,"gobber2:gobber2_lucky_block_deepslate":3,"regions_unexplored:pine_log_transition":1,"minecraft:grass":46,"minecraft:oak_log":9,"minecraft:coal_ore":5,"minecraft:sunflower":1,"minecraft:gravel":12,"minecraft:dirt":49,"byg:blueberry_bush":16,"regions_unexplored:stripped_pine_log":2,"minecraft:gold_ore":3,"minecraft:oak_leaves":9,"minecraft:deepslate":58,"minecraft:fern":3},"minecraft:picked_up":{"minecraft:crafting_table":1,"minecraft:coarse_dirt":6,"byg:soapstone":31,"byg:lush_dirt":1,"minecraft:lead":2,"regions_unexplored:maple_boat":5,"minecraft:shield":2,"minecraft:string":12,"minecraft:raw_copper":34,"graveyard:corruption":1,"regions_unexplored:stripped_pine_log":2,"minecraft:cobbled_deepslate":56,"regions_unexplored:pine_log":106,"minecraft:furnace":4,"regions_unexplored:duckweed":25,"minecraft:stick":52,"minecraft:raw_iron":30,"byg:cattail_sprout":4,"minecraft:oak_fence":2,"minecraft:torch":17,"minecraft:redstone":55,"regions_unexplored:mossy_stone":5,"regions_unexplored:dead_pine_sapling":6,"minecraft:arrow":7,"minecraft:rotten_flesh":11,"regions_unexplored:green_bioshroom":1,"regions_unexplored:maple_sapling":40,"byg:palm_log":13,"minecraft:mutton":4,"minecraft:white_wool":1,"minecraft:cobblestone":132,"byg:red_maple_sapling":6,"minecraft:andesite":3,"minecraft:brown_wool":1,"minecraft:filled_map":1,"minecraft:flint":1,"minecraft:tuff":17,"minecraft:oak_log":10,"minecraft:lily_pad":6,"regions_unexplored:red_maple_sapling":8,"minecraft:lapis_lazuli":25,"minecraft:dirt":70,"naturalist:bass":6,"minecraft:apple":4,"minecraft:kelp":9,"gobber2:gobber2_gooey_beef":1,"minecraft:wheat_seeds":5,"byg:blueberries":37,"minecraft:raw_gold":4,"regions_unexplored:dead_planks":1,"minecraft:stone_pickaxe":1,"minecraft:iron_ingot":7,"regions_unexplored:pine_boat":3,"minecraft:iron_sword":1,"minecraft:mossy_stone_brick_stairs":1,"gobber2:gobber2_gooey_bread":6,"byg:maple_log":26,"minecraft:sweet_berries":7,"regions_unexplored:pine_sapling":10,"regions_unexplored:tall_spruce_sapling":4,"regions_unexplored:pine_planks":3,"minecraft:gravel":10,"betteranimalsplus:turkey_leg_raw":3,"byg:palm_planks":8,"minecraft:spider_eye":1,"regions_unexplored:cattail":5,"betteranimalsplus:eel_meat_raw":3,"minecraft:spruce_boat":2,"minecraft:crossbow":2,"regions_unexplored:maple_log":112,"minecraft:oak_sapling":5,"gobber2:gobber2_goo":1,"minecraft:coal":6,"minecraft:sunflower":1,"minecraft:wooden_axe":2},"minecraft:dropped":{"byg:cattail_sprout":4,"minecraft:iron_sword":1,"byg:blueberries":1,"minecraft:wheat_seeds":1,"minecraft:lapis_lazuli":25,"byg:red_maple_sapling":6,"minecraft:crossbow":1,"graveyard:corruption":1,"minecraft:dirt":1,"regions_unexplored:dead_pine_sapling":2,"minecraft:torch":6,"minecraft:mutton":2,"minecraft:wooden_axe":1,"regions_unexplored:tall_spruce_sapling":2,"minecraft:string":8,"minecraft:lily_pad":6,"gobber2:gobber2_gooey_bread":1,"minecraft:stone_axe":1,"minecraft:kelp":1,"minecraft:coarse_dirt":2,"regions_unexplored:pine_boat":2,"minecraft:raw_iron":1,"regions_unexplored:maple_sapling":13,"regions_unexplored:duckweed":1,"minecraft:filled_map":1,"regions_unexplored:cattail":1,"minecraft:arrow":7},"minecraft:killed_by":{"minecraft:spider":1,"minecraft:pillager":5,"betteranimalsplus:moose":2,"mutantmonsters:mutant_skeleton":2,"minecraft:skeleton":1,"minecraft:zombie":1,"graveyard:revenant":1},"minecraft:used":{"regions_unexplored:pine_planks":47,"gobber2:gobber2_goo":1,"minecraft:flint_and_steel":30,"minecraft:stone_shovel":4,"gobber2:gobber2_gooey_bread":5,"minecraft:chest":2,"minecraft:shield":42,"minecraft:iron_sword":119,"byg:maple_planks":11,"minecraft:rotten_flesh":12,"minecraft:iron_chestplate":1,"regions_unexplored:maple_planks":14,"minecraft:torch":29,"regions_unexplored:mossy_stone":1,"minecraft:dirt":42,"minecraft:mutton":2,"regions_unexplored:dead_pine_sapling":3,"naturalist:cooked_bass":3,"betteranimalsplus:turkey_leg_cooked":3,"minecraft:tuff":1,"byg:lush_dirt":1,"minecraft:spruce_boat":2,"minecraft:wooden_axe":128,"betteranimalsplus:eel_meat_cooked":2,"minecraft:iron_axe":156,"minecraft:iron_helmet":1,"regions_unexplored:stripped_pine_log":2,"gobber2:gobber2_gooey_beef":1,"minecraft:sweet_berries":4,"minecraft:oak_sapling":1,"minecraft:furnace":5,"minecraft:cobbled_deepslate":56,"naturalist:bass":3,"minecraft:stone_pickaxe":194,"minecraft:wooden_pickaxe":43,"regions_unexplored:green_bioshroom":1,"regions_unexplored:dead_planks":24,"minecraft:crafting_table":21,"byg:blueberries":36,"minecraft:apple":4,"regions_unexplored:pine_boat":6,"minecraft:sunflower":1,"minecraft:brown_wool":1,"minecraft:iron_pickaxe":220,"byg:soapstone":5,"minecraft:gravel":1,"minecraft:stone_axe":73,"betteranimalsplus:eel_meat_raw":3,"regions_unexplored:cattail":2,"minecraft:cobblestone":84,"minecraft:andesite":3,"byg:palm_planks":26,"minecraft:coarse_dirt":2,"regions_unexplored:maple_log":4,"byg:maple_boat":2,"regions_unexplored:maple_boat":1}},"DataVersion":3120}