{"stats":{"minecraft:broken":{"minecraft:stone_pickaxe":1,"minecraft:iron_axe":1,"minecraft:stone_axe":3,"minecraft:iron_pickaxe":1},"minecraft:custom":{"minecraft:mob_kills":102,"minecraft:interact_with_crafting_table":47,"minecraft:time_since_death":146508,"minecraft:climb_one_cm":3161,"minecraft:sprint_one_cm":277917,"minecraft:walk_one_cm":369326,"minecraft:damage_blocked_by_shield":2838,"minecraft:drop":85,"minecraft:play_time":171647,"minecraft:deaths":1,"minecraft:sneak_time":11594,"minecraft:walk_under_water_one_cm":48118,"minecraft:boat_one_cm":71351,"minecraft:jump":2862,"minecraft:walk_on_water_one_cm":62789,"minecraft:total_world_time":171647,"minecraft:interact_with_furnace":143,"minecraft:time_since_rest":146537,"minecraft:damage_taken":3272,"minecraft:damage_dealt":19464,"minecraft:swim_one_cm":58456,"minecraft:fly_one_cm":367247,"minecraft:open_chest":11,"minecraft:crouch_one_cm":29252,"minecraft:fall_one_cm":55965},"minecraft:killed":{"betteranimalsplus:turkey":4,"graveyard:revenant":8,"minecraft:spider":10,"minecraft:skeleton":16,"minecraft:chicken":2,"naturalist:bass":2,"betteranimalsplus:goose":1,"betteranimalsplus:lamprey":1,"graveyard:ghoul":1,"minecraft:zombie_villager":1,"minecraft:salmon":4,"betteranimalsplus:eel_freshwater":2,"minecraft:sheep":5,"minecraft:pillager":12,"minecraft:zombie":31,"minecraft:enderman":1},"minecraft:crafted":{"minecraft:raw_iron":18,"minecraft:cooked_chicken":2,"minecraft:furnace":5,"minecraft:cooked_mutton":5,"immersive_armors:wooden_chestplate":1,"betteranimalsplus:turkey_leg_cooked":3,"minecraft:iron_boots":1,"minecraft:iron_axe":2,"minecraft:stone_pickaxe":2,"minecraft:chest":2,"immersive_armors:wooden_helmet":1,"minecraft:wheat":99,"simple_backpack:backpack":1,"minecraft:crafting_table":11,"minecraft:wooden_pickaxe":1,"vanilla-hammers:lapis_hammer":1,"minecraft:iron_helmet":1,"immersive_armors:wooden_leggings":1,"regions_unexplored:pine_boat":5,"minecraft:cooked_salmon":4,"regions_unexplored:dead_planks":40,"minecraft:stone_axe":3,"minecraft:air":0,"immersive_armors:wooden_boots":1,"regions_unexplored:pine_planks":420,"minecraft:iron_chestplate":1,"minecraft:diamond_pickaxe":1,"minecraft:shield":2,"minecraft:stick":20,"minecraft:iron_ingot":115,"minecraft:iron_pickaxe":2,"minecraft:iron_leggings":1,"betteranimalsplus:eel_meat_cooked":13,"minecraft:torch":52,"minecraft:lapis_block":2},"minecraft:mined":{"regions_unexplored:green_bioshroom":1,"minecraft:tuff":17,"regions_unexplored:maple_planks":2,"minecraft:deepslate_diamond_ore":4,"minecraft:obsidian":6,"regions_unexplored:cattail":6,"minecraft:granite":17,"minecraft:grass_block":12,"gobber2:gobber2_lucky_block":4,"minecraft:white_stained_glass":4,"regions_unexplored:pine_planks":8,"regions_unexplored:dead_log":21,"regions_unexplored:blue_bioshroom_block":1,"minecraft:large_fern":2,"minecraft:hay_block":11,"minecraft:raw_iron_block":2,"minecraft:redstone_ore":13,"minecraft:furnace":14,"minecraft:iron_ore":45,"minecraft:andesite":2,"minecraft:deepslate_lapis_ore":8,"minecraft:mossy_stone_brick_stairs":1,"minecraft:vine":3,"minecraft:cave_vines":1,"minecraft:deepslate_iron_ore":82,"regions_unexplored:medium_grass":6,"minecraft:stone":97,"minecraft:deepslate_redstone_ore":11,"byg:palm_planks":1,"regions_unexplored:duckweed":1,"minecraft:crafting_table":3,"minecraft:clay":9,"minecraft:oak_fence":1,"minecraft:torch":20,"minecraft:chest":1,"minecraft:mushroom_stem":2,"minecraft:cobblestone":5,"minecraft:deepslate_gold_ore":8,"minecraft:lapis_ore":4,"minecraft:diorite":16,"minecraft:wall_torch":6,"regions_unexplored:pine_log":135,"byg:soapstone":14,"minecraft:coarse_dirt":2,"naturalist:duckweed":1,"minecraft:mud":1,"minecraft:sweet_berry_bush":8,"minecraft:spruce_log":71,"gobber2:gobber2_lucky_block_deepslate":14,"minecraft:grass":13,"minecraft:coal_ore":68,"minecraft:dirt":30,"byg:blueberry_bush":2,"regions_unexplored:tall_spruce_sapling":1,"minecraft:netherrack":1,"minecraft:oak_leaves":19,"minecraft:gold_ore":1,"minecraft:deepslate":111},"minecraft:dropped":{"byg:biomepedia":1,"minecraft:iron_ingot":6,"minecraft:wheat_seeds":3,"byg:red_maple_sapling":1,"minecraft:crossbow":2,"minecraft:cobblestone":4,"minecraft:lead":2,"minecraft:granite":18,"regions_unexplored:pine_sapling":2,"minecraft:flint":1,"minecraft:dirt":1,"minecraft:diorite":12,"regions_unexplored:dead_pine_sapling":7,"immersive_armors:wooden_leggings":1,"byg:soapstone":15,"minecraft:white_banner":1,"minecraft:iron_axe":1,"regions_unexplored:maple_log":2,"regions_unexplored:dead_log":5,"regions_unexplored:tall_spruce_sapling":2,"immersive_armors:wooden_chestplate":1,"minecraft:lily_pad":3,"gobber2:gobber2_gooey_bread":2,"minecraft:spruce_sapling":16,"minecraft:bone":2,"minecraft:gravel":1,"minecraft:sweet_berries":2,"regions_unexplored:pine_planks":1,"minecraft:cobbled_deepslate":100,"minecraft:raw_copper":4,"byg:rose":1,"minecraft:tuff":13,"immersive_armors:wooden_boots":1,"gobber2:gobber2_gooey_beef":1,"minecraft:rotten_flesh":2,"minecraft:clay_ball":36,"regions_unexplored:duckweed":2,"vanilla-hammers:lapis_hammer":1,"regions_unexplored:cattail":3,"minecraft:gunpowder":2,"minecraft:shield":1,"regions_unexplored:blue_bioshroom_block":1,"minecraft:andesite":2,"minecraft:golden_leggings":1,"minecraft:oak_sapling":1,"minecraft:spider_eye":1,"minecraft:spruce_log":4,"minecraft:arrow":4,"minecraft:bow":2,"minecraft:stone_pickaxe":1,"minecraft:wooden_pickaxe":1,"byg:white_sage":1,"minecraft:netherrack":2,"immersive_armors:wooden_helmet":1,"minecraft:egg":1},"minecraft:picked_up":{"betteranimalsplus:turkey_egg":2,"minecraft:crafting_table":3,"minecraft:coarse_dirt":2,"byg:soapstone":16,"minecraft:chicken":2,"minecraft:clay_ball":36,"minecraft:lead":2,"regions_unexplored:maple_planks":2,"regions_unexplored:dead_log":25,"minecraft:string":13,"minecraft:iron_axe":1,"minecraft:raw_copper":4,"byg:palm_sapling":2,"graveyard:corruption":5,"regions_unexplored:pine_log":173,"minecraft:cobbled_deepslate":117,"immersive_armors:wooden_leggings":1,"minecraft:chest":1,"minecraft:egg":2,"minecraft:furnace":13,"regions_unexplored:duckweed":2,"minecraft:raw_iron":131,"minecraft:stick":34,"minecraft:torch":224,"minecraft:diorite":14,"minecraft:redstone":108,"regions_unexplored:dead_pine_sapling":29,"gobber2:gobber2_foo":1,"immersive_armors:wooden_helmet":1,"minecraft:arrow":14,"minecraft:rotten_flesh":19,"regions_unexplored:green_bioshroom":1,"minecraft:hay_block":11,"minecraft:mutton":6,"minecraft:obsidian":6,"minecraft:white_wool":4,"betteranimalsplus:goose_egg":2,"minecraft:cobblestone":106,"byg:red_maple_sapling":1,"minecraft:feather":10,"minecraft:salmon":4,"minecraft:andesite":5,"minecraft:flint":1,"minecraft:tuff":20,"minecraft:gunpowder":2,"minecraft:lily_pad":3,"minecraft:lantern":2,"minecraft:lapis_lazuli":100,"minecraft:dirt":31,"minecraft:white_banner":1,"minecraft:cooked_mutton":1,"byg:white_sage":1,"minecraft:bone":12,"minecraft:apple":1,"byg:blueberries":3,"minecraft:bow":2,"gobber2:gobber2_gooey_beef":6,"minecraft:wheat_seeds":3,"minecraft:raw_gold":10,"byg:rose":1,"gobber2:gobber2_gooey_bread":9,"byg:maple_log":2,"minecraft:sweet_berries":17,"regions_unexplored:pine_sapling":16,"minecraft:gravel":4,"regions_unexplored:tall_spruce_sapling":2,"minecraft:raw_iron_block":2,"regions_unexplored:blue_bioshroom_block":1,"regions_unexplored:pine_planks":41,"minecraft:spruce_sapling":16,"minecraft:spruce_log":69,"byg:palm_planks":1,"minecraft:spider_eye":1,"betteranimalsplus:turkey_leg_raw":3,"regions_unexplored:cattail":5,"betteranimalsplus:eel_meat_raw":17,"minecraft:diamond":4,"immersive_armors:wooden_chestplate":1,"minecraft:crossbow":2,"betteranimalsplus:eel_meat_cooked":1,"minecraft:granite":28,"regions_unexplored:maple_log":2,"minecraft:black_wool":1,"minecraft:netherrack":2,"minecraft:oak_sapling":1,"minecraft:coal":181,"immersive_armors:wooden_boots":1,"gobber2:gobber2_goo":3},"minecraft:killed_by":{"betteranimalsplus:eel_freshwater":1},"minecraft:used":{"regions_unexplored:pine_planks":215,"gobber2:gobber2_goo":3,"gobber2:gobber2_gooey_bread":7,"minecraft:chest":2,"minecraft:shield":109,"minecraft:cooked_salmon":4,"betteranimalsplus:turkey_egg":2,"minecraft:cooked_chicken":2,"minecraft:rotten_flesh":17,"regions_unexplored:maple_planks":2,"minecraft:torch":264,"minecraft:dirt":26,"regions_unexplored:dead_pine_sapling":22,"betteranimalsplus:turkey_leg_cooked":3,"minecraft:granite":10,"byg:maple_log":2,"vanilla-hammers:lapis_hammer":129,"betteranimalsplus:eel_meat_cooked":10,"minecraft:lantern":2,"minecraft:iron_axe":276,"gobber2:gobber2_gooey_beef":5,"minecraft:sweet_berries":15,"minecraft:furnace":16,"minecraft:egg":1,"minecraft:cobbled_deepslate":10,"minecraft:cooked_mutton":6,"minecraft:diorite":2,"minecraft:stone_pickaxe":133,"minecraft:wooden_pickaxe":17,"regions_unexplored:dead_planks":2,"regions_unexplored:green_bioshroom":1,"betteranimalsplus:goose_egg":2,"minecraft:crafting_table":14,"regions_unexplored:pine_sapling":14,"minecraft:diamond_pickaxe":9,"byg:blueberries":3,"minecraft:apple":1,"regions_unexplored:pine_boat":5,"minecraft:iron_pickaxe":323,"minecraft:gravel":3,"byg:soapstone":1,"betteranimalsplus:eel_meat_raw":1,"minecraft:stone_axe":305,"regions_unexplored:cattail":2,"minecraft:cobblestone":39,"minecraft:andesite":3,"byg:palm_planks":1,"minecraft:coarse_dirt":2,"byg:palm_sapling":2}},"DataVersion":3120}