{"stats":{"minecraft:broken":{"minecraft:stone_pickaxe":1,"minecraft:stone_axe":2},"minecraft:custom":{"minecraft:interact_with_furnace":40,"minecraft:mob_kills":31,"minecraft:interact_with_crafting_table":22,"minecraft:time_since_death":50508,"minecraft:time_since_rest":50537,"minecraft:damage_taken":1701,"minecraft:sprint_one_cm":130693,"minecraft:walk_one_cm":177343,"minecraft:damage_blocked_by_shield":1355,"minecraft:drop":27,"minecraft:damage_dealt":7323,"minecraft:swim_one_cm":13078,"minecraft:fly_one_cm":135463,"minecraft:crouch_one_cm":21741,"minecraft:play_time":75647,"minecraft:deaths":1,"minecraft:sneak_time":8026,"minecraft:walk_under_water_one_cm":17942,"minecraft:jump":1151,"minecraft:walk_on_water_one_cm":29337,"minecraft:total_world_time":75647,"minecraft:fall_one_cm":26488},"minecraft:crafted":{"minecraft:crafting_table":5,"vanilla-hammers:lapis_hammer":1,"minecraft:wooden_pickaxe":1,"immersive_armors:wooden_leggings":1,"minecraft:furnace":3,"regions_unexplored:dead_planks":40,"minecraft:stone_axe":3,"minecraft:air":0,"immersive_armors:wooden_chestplate":1,"immersive_armors:wooden_boots":1,"regions_unexplored:pine_planks":352,"minecraft:shield":2,"minecraft:stick":8,"minecraft:iron_ingot":21,"minecraft:iron_pickaxe":1,"minecraft:stone_pickaxe":2,"betteranimalsplus:eel_meat_cooked":7,"immersive_armors:wooden_helmet":1,"minecraft:torch":52,"minecraft:lapis_block":2},"minecraft:killed":{"graveyard:ghoul":1,"minecraft:spider":3,"minecraft:skeleton":7,"minecraft:zombie":18,"minecraft:enderman":1},"minecraft:mined":{"minecraft:deepslate_redstone_ore":11,"regions_unexplored:green_bioshroom":1,"minecraft:tuff":1,"regions_unexplored:maple_planks":2,"minecraft:deepslate_diamond_ore":4,"minecraft:oak_fence":1,"minecraft:torch":15,"regions_unexplored:cattail":2,"minecraft:granite":8,"minecraft:grass_block":4,"gobber2:gobber2_lucky_block":3,"minecraft:mushroom_stem":2,"regions_unexplored:pine_planks":5,"minecraft:lapis_ore":4,"minecraft:deepslate_gold_ore":8,"regions_unexplored:dead_log":21,"minecraft:diorite":11,"minecraft:wall_torch":3,"regions_unexplored:blue_bioshroom_block":1,"regions_unexplored:pine_log":135,"byg:soapstone":11,"minecraft:redstone_ore":13,"minecraft:coarse_dirt":2,"minecraft:furnace":4,"minecraft:iron_ore":42,"minecraft:sweet_berry_bush":1,"minecraft:andesite":2,"gobber2:gobber2_lucky_block_deepslate":14,"minecraft:deepslate_lapis_ore":6,"minecraft:grass":8,"minecraft:coal_ore":68,"minecraft:cave_vines":1,"minecraft:deepslate_iron_ore":38,"minecraft:dirt":15,"regions_unexplored:tall_spruce_sapling":1,"regions_unexplored:medium_grass":6,"minecraft:stone":77,"minecraft:gold_ore":1,"minecraft:deepslate":39},"minecraft:picked_up":{"minecraft:coarse_dirt":2,"byg:soapstone":11,"minecraft:andesite":4,"regions_unexplored:maple_planks":2,"regions_unexplored:dead_log":25,"minecraft:lapis_lazuli":87,"minecraft:string":7,"minecraft:dirt":19,"minecraft:raw_copper":4,"minecraft:bone":7,"minecraft:apple":1,"gobber2:gobber2_gooey_beef":5,"minecraft:wheat_seeds":2,"regions_unexplored:pine_log":135,"minecraft:cobbled_deepslate":43,"minecraft:raw_gold":10,"minecraft:furnace":3,"gobber2:gobber2_gooey_bread":8,"minecraft:stick":21,"minecraft:raw_iron":84,"minecraft:sweet_berries":2,"regions_unexplored:pine_sapling":16,"minecraft:torch":22,"regions_unexplored:tall_spruce_sapling":2,"regions_unexplored:blue_bioshroom_block":1,"regions_unexplored:pine_planks":4,"minecraft:diorite":7,"minecraft:redstone":108,"regions_unexplored:dead_pine_sapling":29,"regions_unexplored:cattail":2,"gobber2:gobber2_foo":1,"betteranimalsplus:eel_meat_raw":11,"minecraft:arrow":5,"minecraft:rotten_flesh":10,"minecraft:diamond":4,"regions_unexplored:green_bioshroom":1,"betteranimalsplus:eel_meat_cooked":1,"minecraft:granite":10,"minecraft:coal":105,"gobber2:gobber2_goo":3,"minecraft:cobblestone":79},"minecraft:dropped":{"byg:biomepedia":1,"minecraft:wheat_seeds":2,"minecraft:cobbled_deepslate":30,"minecraft:raw_copper":4,"gobber2:gobber2_gooey_beef":1,"minecraft:granite":9,"regions_unexplored:pine_sapling":2,"regions_unexplored:cattail":2,"minecraft:shield":1,"regions_unexplored:dead_pine_sapling":7,"minecraft:diorite":5,"regions_unexplored:blue_bioshroom_block":1,"byg:soapstone":10,"minecraft:andesite":2,"regions_unexplored:dead_log":5,"regions_unexplored:tall_spruce_sapling":2,"minecraft:wooden_pickaxe":1,"gobber2:gobber2_gooey_bread":2},"minecraft:killed_by":{"betteranimalsplus:eel_freshwater":1},"minecraft:used":{"regions_unexplored:pine_planks":49,"minecraft:diorite":2,"gobber2:gobber2_goo":3,"minecraft:stone_pickaxe":133,"gobber2:gobber2_gooey_bread":5,"minecraft:wooden_pickaxe":17,"minecraft:shield":54,"regions_unexplored:green_bioshroom":1,"regions_unexplored:dead_planks":2,"regions_unexplored:maple_planks":2,"minecraft:torch":38,"minecraft:dirt":19,"regions_unexplored:dead_pine_sapling":22,"minecraft:crafting_table":5,"minecraft:granite":1,"regions_unexplored:pine_sapling":14,"vanilla-hammers:lapis_hammer":81,"minecraft:apple":1,"betteranimalsplus:eel_meat_cooked":8,"minecraft:iron_pickaxe":154,"byg:soapstone":1,"minecraft:cobblestone":30,"gobber2:gobber2_gooey_beef":4,"minecraft:stone_axe":298,"betteranimalsplus:eel_meat_raw":1,"minecraft:sweet_berries":2,"minecraft:furnace":4,"minecraft:andesite":2,"minecraft:cobbled_deepslate":10,"minecraft:coarse_dirt":2}},"DataVersion":3120}