{"stats":{"minecraft:broken":{"minecraft:stone_pickaxe":1,"minecraft:stone_axe":1},"minecraft:custom":{"minecraft:interact_with_furnace":40,"minecraft:mob_kills":12,"minecraft:interact_with_crafting_table":22,"minecraft:time_since_death":38508,"minecraft:time_since_rest":38537,"minecraft:damage_taken":823,"minecraft:sprint_one_cm":91242,"minecraft:walk_one_cm":132634,"minecraft:damage_blocked_by_shield":565,"minecraft:drop":23,"minecraft:damage_dealt":2972,"minecraft:swim_one_cm":13078,"minecraft:fly_one_cm":88778,"minecraft:crouch_one_cm":17428,"minecraft:play_time":63647,"minecraft:deaths":1,"minecraft:sneak_time":6582,"minecraft:walk_under_water_one_cm":17942,"minecraft:jump":856,"minecraft:walk_on_water_one_cm":29337,"minecraft:total_world_time":63647,"minecraft:fall_one_cm":17927},"minecraft:crafted":{"minecraft:crafting_table":5,"vanilla-hammers:lapis_hammer":1,"minecraft:wooden_pickaxe":1,"immersive_armors:wooden_leggings":1,"minecraft:furnace":3,"regions_unexplored:dead_planks":40,"minecraft:stone_axe":3,"minecraft:air":0,"immersive_armors:wooden_chestplate":1,"immersive_armors:wooden_boots":1,"regions_unexplored:pine_planks":352,"minecraft:shield":2,"minecraft:stick":8,"minecraft:iron_ingot":21,"minecraft:iron_pickaxe":1,"minecraft:stone_pickaxe":2,"betteranimalsplus:eel_meat_cooked":7,"immersive_armors:wooden_helmet":1,"minecraft:torch":16,"minecraft:lapis_block":2},"minecraft:killed":{"graveyard:ghoul":1,"minecraft:skeleton":5,"minecraft:zombie":5},"minecraft:mined":{"minecraft:deepslate_redstone_ore":11,"regions_unexplored:green_bioshroom":1,"regions_unexplored:maple_planks":2,"minecraft:oak_fence":1,"minecraft:torch":12,"regions_unexplored:cattail":2,"minecraft:granite":8,"minecraft:grass_block":4,"gobber2:gobber2_lucky_block":2,"minecraft:mushroom_stem":2,"regions_unexplored:pine_planks":5,"minecraft:lapis_ore":4,"minecraft:deepslate_gold_ore":5,"regions_unexplored:dead_log":21,"minecraft:diorite":11,"minecraft:wall_torch":3,"regions_unexplored:blue_bioshroom_block":1,"regions_unexplored:pine_log":135,"byg:soapstone":11,"minecraft:redstone_ore":13,"minecraft:coarse_dirt":2,"minecraft:furnace":4,"minecraft:iron_ore":42,"minecraft:sweet_berry_bush":1,"minecraft:andesite":2,"gobber2:gobber2_lucky_block_deepslate":7,"minecraft:deepslate_lapis_ore":6,"minecraft:grass":7,"minecraft:coal_ore":68,"minecraft:deepslate_iron_ore":35,"minecraft:dirt":15,"regions_unexplored:tall_spruce_sapling":1,"regions_unexplored:medium_grass":6,"minecraft:stone":77,"minecraft:gold_ore":1,"minecraft:deepslate":15},"minecraft:picked_up":{"minecraft:coarse_dirt":2,"byg:soapstone":11,"minecraft:andesite":4,"regions_unexplored:maple_planks":2,"regions_unexplored:dead_log":25,"minecraft:lapis_lazuli":87,"minecraft:dirt":19,"minecraft:raw_copper":4,"minecraft:bone":4,"minecraft:apple":1,"gobber2:gobber2_gooey_beef":3,"minecraft:wheat_seeds":2,"regions_unexplored:pine_log":135,"minecraft:cobbled_deepslate":16,"minecraft:raw_gold":6,"minecraft:furnace":3,"gobber2:gobber2_gooey_bread":4,"minecraft:stick":21,"minecraft:raw_iron":81,"minecraft:sweet_berries":2,"regions_unexplored:pine_sapling":16,"minecraft:torch":18,"regions_unexplored:tall_spruce_sapling":2,"regions_unexplored:blue_bioshroom_block":1,"regions_unexplored:pine_planks":4,"minecraft:diorite":7,"minecraft:redstone":108,"regions_unexplored:dead_pine_sapling":29,"regions_unexplored:cattail":2,"gobber2:gobber2_foo":1,"betteranimalsplus:eel_meat_raw":11,"minecraft:arrow":3,"regions_unexplored:green_bioshroom":1,"betteranimalsplus:eel_meat_cooked":1,"minecraft:granite":10,"minecraft:coal":105,"gobber2:gobber2_goo":1,"minecraft:cobblestone":79},"minecraft:dropped":{"byg:biomepedia":1,"minecraft:wheat_seeds":2,"minecraft:cobbled_deepslate":16,"minecraft:raw_copper":4,"gobber2:gobber2_gooey_beef":1,"regions_unexplored:pine_sapling":2,"regions_unexplored:cattail":2,"minecraft:shield":1,"regions_unexplored:dead_pine_sapling":7,"minecraft:diorite":5,"regions_unexplored:blue_bioshroom_block":1,"byg:soapstone":10,"minecraft:andesite":2,"regions_unexplored:tall_spruce_sapling":2,"minecraft:wooden_pickaxe":1,"gobber2:gobber2_gooey_bread":2},"minecraft:killed_by":{"betteranimalsplus:eel_freshwater":1},"minecraft:used":{"regions_unexplored:pine_planks":49,"minecraft:diorite":2,"gobber2:gobber2_goo":1,"minecraft:stone_pickaxe":133,"minecraft:wooden_pickaxe":17,"minecraft:shield":17,"regions_unexplored:green_bioshroom":1,"regions_unexplored:dead_planks":2,"regions_unexplored:maple_planks":2,"minecraft:torch":31,"minecraft:dirt":19,"regions_unexplored:dead_pine_sapling":22,"minecraft:crafting_table":5,"minecraft:granite":1,"regions_unexplored:pine_sapling":14,"vanilla-hammers:lapis_hammer":81,"minecraft:apple":1,"betteranimalsplus:eel_meat_cooked":8,"minecraft:iron_pickaxe":105,"byg:soapstone":1,"gobber2:gobber2_gooey_beef":2,"minecraft:stone_axe":227,"betteranimalsplus:eel_meat_raw":1,"minecraft:sweet_berries":2,"minecraft:furnace":4,"minecraft:andesite":2,"minecraft:coarse_dirt":2}},"DataVersion":3120}