{"stats":{"minecraft:mined":{"minecraft:deepslate_redstone_ore":4,"regions_unexplored:maple_planks":2,"minecraft:oak_fence":1,"minecraft:torch":8,"regions_unexplored:cattail":2,"minecraft:granite":1,"minecraft:grass_block":4,"gobber2:gobber2_lucky_block":1,"regions_unexplored:pine_planks":3,"regions_unexplored:dead_log":21,"minecraft:diorite":3,"regions_unexplored:pine_log":135,"minecraft:redstone_ore":4,"byg:soapstone":1,"minecraft:coarse_dirt":2,"minecraft:furnace":4,"minecraft:iron_ore":29,"minecraft:sweet_berry_bush":1,"minecraft:andesite":2,"minecraft:grass":7,"minecraft:coal_ore":52,"minecraft:dirt":15,"regions_unexplored:tall_spruce_sapling":1,"regions_unexplored:medium_grass":6,"minecraft:stone":69,"minecraft:gold_ore":1,"minecraft:deepslate":2},"minecraft:killed_by":{"betteranimalsplus:eel_freshwater":1},"minecraft:crafted":{"minecraft:crafting_table":5,"vanilla-hammers:lapis_hammer":1,"minecraft:wooden_pickaxe":1,"immersive_armors:wooden_leggings":1,"minecraft:furnace":3,"regions_unexplored:dead_planks":40,"minecraft:stone_axe":3,"minecraft:air":0,"immersive_armors:wooden_chestplate":1,"immersive_armors:wooden_boots":1,"regions_unexplored:pine_planks":352,"minecraft:shield":2,"minecraft:stick":8,"minecraft:iron_ingot":21,"minecraft:iron_pickaxe":1,"minecraft:stone_pickaxe":2,"betteranimalsplus:eel_meat_cooked":7,"immersive_armors:wooden_helmet":1,"minecraft:torch":16,"minecraft:lapis_block":2},"minecraft:used":{"regions_unexplored:pine_planks":33,"minecraft:diorite":2,"minecraft:stone_pickaxe":133,"minecraft:shield":7,"minecraft:wooden_pickaxe":17,"regions_unexplored:dead_planks":2,"regions_unexplored:maple_planks":2,"minecraft:torch":17,"minecraft:dirt":19,"regions_unexplored:dead_pine_sapling":22,"minecraft:crafting_table":5,"minecraft:granite":1,"regions_unexplored:pine_sapling":14,"vanilla-hammers:lapis_hammer":18,"minecraft:apple":1,"betteranimalsplus:eel_meat_cooked":5,"minecraft:iron_pickaxe":12,"byg:soapstone":1,"minecraft:stone_axe":203,"betteranimalsplus:eel_meat_raw":1,"minecraft:sweet_berries":2,"minecraft:furnace":4,"minecraft:andesite":2,"minecraft:coarse_dirt":2},"minecraft:custom":{"minecraft:interact_with_furnace":40,"minecraft:mob_kills":6,"minecraft:interact_with_crafting_table":22,"minecraft:time_since_death":21485,"minecraft:time_since_rest":21514,"minecraft:sprint_one_cm":59477,"minecraft:damage_taken":430,"minecraft:walk_one_cm":89408,"minecraft:damage_blocked_by_shield":235,"minecraft:drop":16,"minecraft:damage_dealt":1500,"minecraft:swim_one_cm":13078,"minecraft:fly_one_cm":60234,"minecraft:crouch_one_cm":14297,"minecraft:play_time":46624,"minecraft:deaths":1,"minecraft:sneak_time":5104,"minecraft:walk_under_water_one_cm":17474,"minecraft:jump":546,"minecraft:walk_on_water_one_cm":25046,"minecraft:total_world_time":46624,"minecraft:fall_one_cm":11281},"minecraft:broken":{"minecraft:stone_pickaxe":1,"minecraft:stone_axe":1},"minecraft:killed":{"minecraft:skeleton":3,"minecraft:zombie":2},"minecraft:picked_up":{"minecraft:coarse_dirt":2,"byg:soapstone":1,"minecraft:andesite":4,"regions_unexplored:maple_planks":2,"regions_unexplored:dead_log":25,"minecraft:lapis_lazuli":25,"minecraft:dirt":19,"minecraft:bone":1,"minecraft:apple":1,"minecraft:cobbled_deepslate":2,"minecraft:wheat_seeds":2,"regions_unexplored:pine_log":135,"minecraft:raw_gold":1,"gobber2:gobber2_gooey_bread":1,"minecraft:furnace":3,"minecraft:stick":21,"minecraft:raw_iron":29,"minecraft:sweet_berries":2,"regions_unexplored:pine_sapling":16,"minecraft:torch":10,"regions_unexplored:tall_spruce_sapling":2,"regions_unexplored:pine_planks":3,"minecraft:diorite":3,"minecraft:redstone":35,"regions_unexplored:dead_pine_sapling":29,"regions_unexplored:cattail":2,"betteranimalsplus:eel_meat_raw":11,"betteranimalsplus:eel_meat_cooked":1,"minecraft:granite":1,"minecraft:coal":89,"minecraft:cobblestone":70},"minecraft:dropped":{"byg:biomepedia":1,"minecraft:wheat_seeds":2,"regions_unexplored:pine_sapling":2,"regions_unexplored:cattail":2,"minecraft:shield":1,"minecraft:diorite":1,"regions_unexplored:dead_pine_sapling":7,"minecraft:andesite":2,"regions_unexplored:tall_spruce_sapling":2,"minecraft:wooden_pickaxe":1}},"DataVersion":3120}