{"stats":{"minecraft:mined":{"minecraft:grass":1,"minecraft:grass_block":3,"minecraft:dirt":7,"regions_unexplored:medium_grass":1,"regions_unexplored:pine_log":4},"minecraft:crafted":{"regions_unexplored:pine_planks":16,"minecraft:crafting_table":1,"minecraft:stick":4,"minecraft:wooden_pickaxe":1},"minecraft:used":{"minecraft:crafting_table":1},"minecraft:custom":{"minecraft:time_since_rest":4624,"minecraft:crouch_one_cm":327,"minecraft:play_time":4624,"minecraft:sprint_one_cm":1196,"minecraft:damage_taken":20,"minecraft:walk_one_cm":6085,"minecraft:sneak_time":247,"minecraft:drop":1,"minecraft:jump":23,"minecraft:time_since_death":4624,"minecraft:total_world_time":4624,"minecraft:interact_with_crafting_table":5,"minecraft:fall_one_cm":1434,"minecraft:fly_one_cm":1825},"minecraft:picked_up":{"regions_unexplored:tall_spruce_sapling":1,"regions_unexplored:pine_log":4,"minecraft:dirt":5},"minecraft:dropped":{"byg:biomepedia":1}},"DataVersion":3120}