{"stats":{"minecraft:mined":{"minecraft:deepslate_redstone_ore":11,"regions_unexplored:green_bioshroom":1,"regions_unexplored:maple_planks":2,"minecraft:oak_fence":1,"minecraft:torch":12,"regions_unexplored:cattail":2,"minecraft:granite":8,"minecraft:grass_block":4,"gobber2:gobber2_lucky_block":2,"minecraft:mushroom_stem":2,"minecraft:deepslate_gold_ore":5,"minecraft:lapis_ore":4,"regions_unexplored:pine_planks":5,"regions_unexplored:dead_log":21,"minecraft:diorite":3,"regions_unexplored:blue_bioshroom_block":1,"minecraft:wall_torch":2,"regions_unexplored:pine_log":135,"minecraft:redstone_ore":5,"byg:soapstone":1,"minecraft:coarse_dirt":2,"minecraft:furnace":4,"minecraft:iron_ore":29,"minecraft:sweet_berry_bush":1,"minecraft:andesite":2,"minecraft:deepslate_lapis_ore":6,"gobber2:gobber2_lucky_block_deepslate":7,"minecraft:grass":7,"minecraft:coal_ore":52,"minecraft:deepslate_iron_ore":28,"minecraft:dirt":15,"regions_unexplored:tall_spruce_sapling":1,"regions_unexplored:medium_grass":6,"minecraft:stone":69,"minecraft:gold_ore":1,"minecraft:deepslate":15},"minecraft:killed_by":{"betteranimalsplus:eel_freshwater":1},"minecraft:crafted":{"minecraft:crafting_table":5,"vanilla-hammers:lapis_hammer":1,"minecraft:wooden_pickaxe":1,"immersive_armors:wooden_leggings":1,"minecraft:furnace":3,"regions_unexplored:dead_planks":40,"minecraft:stone_axe":3,"minecraft:air":0,"immersive_armors:wooden_chestplate":1,"immersive_armors:wooden_boots":1,"regions_unexplored:pine_planks":352,"minecraft:shield":2,"minecraft:stick":8,"minecraft:iron_ingot":21,"minecraft:iron_pickaxe":1,"minecraft:stone_pickaxe":2,"betteranimalsplus:eel_meat_cooked":7,"immersive_armors:wooden_helmet":1,"minecraft:torch":16,"minecraft:lapis_block":2},"minecraft:used":{"regions_unexplored:pine_planks":40,"minecraft:diorite":2,"gobber2:gobber2_goo":1,"minecraft:stone_pickaxe":133,"minecraft:shield":12,"minecraft:wooden_pickaxe":17,"regions_unexplored:green_bioshroom":1,"regions_unexplored:dead_planks":2,"regions_unexplored:maple_planks":2,"minecraft:torch":29,"minecraft:dirt":19,"regions_unexplored:dead_pine_sapling":22,"minecraft:crafting_table":5,"minecraft:granite":1,"regions_unexplored:pine_sapling":14,"vanilla-hammers:lapis_hammer":36,"minecraft:apple":1,"betteranimalsplus:eel_meat_cooked":8,"minecraft:iron_pickaxe":79,"byg:soapstone":1,"minecraft:stone_axe":220,"betteranimalsplus:eel_meat_raw":1,"minecraft:sweet_berries":2,"minecraft:furnace":4,"minecraft:andesite":2,"minecraft:coarse_dirt":2},"minecraft:custom":{"minecraft:interact_with_furnace":40,"minecraft:mob_kills":10,"minecraft:interact_with_crafting_table":22,"minecraft:time_since_death":33485,"minecraft:time_since_rest":33514,"minecraft:sprint_one_cm":82623,"minecraft:damage_taken":577,"minecraft:walk_one_cm":121483,"minecraft:damage_blocked_by_shield":400,"minecraft:drop":18,"minecraft:damage_dealt":2440,"minecraft:swim_one_cm":13078,"minecraft:fly_one_cm":78977,"minecraft:crouch_one_cm":16351,"minecraft:play_time":58624,"minecraft:deaths":1,"minecraft:sneak_time":6015,"minecraft:walk_under_water_one_cm":17474,"minecraft:jump":760,"minecraft:walk_on_water_one_cm":26113,"minecraft:total_world_time":58624,"minecraft:fall_one_cm":15292},"minecraft:broken":{"minecraft:stone_pickaxe":1,"minecraft:stone_axe":1},"minecraft:killed":{"graveyard:ghoul":1,"minecraft:skeleton":4,"minecraft:zombie":4},"minecraft:picked_up":{"minecraft:coarse_dirt":2,"byg:soapstone":1,"minecraft:andesite":4,"regions_unexplored:maple_planks":2,"regions_unexplored:dead_log":25,"minecraft:lapis_lazuli":87,"minecraft:dirt":19,"minecraft:bone":2,"minecraft:apple":1,"gobber2:gobber2_gooey_beef":3,"minecraft:cobbled_deepslate":16,"minecraft:wheat_seeds":2,"regions_unexplored:pine_log":135,"minecraft:raw_gold":6,"gobber2:gobber2_gooey_bread":4,"minecraft:furnace":3,"minecraft:stick":21,"minecraft:raw_iron":62,"minecraft:sweet_berries":2,"regions_unexplored:blue_bioshroom_block":1,"regions_unexplored:pine_sapling":16,"minecraft:torch":17,"regions_unexplored:tall_spruce_sapling":2,"regions_unexplored:pine_planks":4,"minecraft:diorite":3,"minecraft:redstone":73,"gobber2:gobber2_foo":1,"regions_unexplored:dead_pine_sapling":29,"regions_unexplored:cattail":2,"betteranimalsplus:eel_meat_raw":11,"minecraft:arrow":1,"regions_unexplored:green_bioshroom":1,"betteranimalsplus:eel_meat_cooked":1,"minecraft:granite":7,"minecraft:coal":89,"gobber2:gobber2_goo":1,"minecraft:cobblestone":70},"minecraft:dropped":{"byg:biomepedia":1,"minecraft:wheat_seeds":2,"gobber2:gobber2_gooey_beef":1,"regions_unexplored:pine_sapling":2,"regions_unexplored:cattail":2,"minecraft:shield":1,"minecraft:diorite":1,"regions_unexplored:dead_pine_sapling":7,"minecraft:andesite":2,"regions_unexplored:tall_spruce_sapling":2,"minecraft:wooden_pickaxe":1,"gobber2:gobber2_gooey_bread":2}},"DataVersion":3120}