{"stats":{"minecraft:mined":{"byg:soapstone":1,"minecraft:coarse_dirt":1,"minecraft:andesite":2,"regions_unexplored:cattail":2,"minecraft:grass":7,"minecraft:grass_block":4,"minecraft:dirt":15,"regions_unexplored:tall_spruce_sapling":1,"regions_unexplored:medium_grass":6,"minecraft:stone":49,"regions_unexplored:dead_log":21,"regions_unexplored:pine_log":135},"minecraft:crafted":{"immersive_armors:wooden_boots":1,"regions_unexplored:pine_planks":352,"minecraft:crafting_table":2,"minecraft:stick":8,"minecraft:wooden_pickaxe":1,"minecraft:stone_pickaxe":1,"immersive_armors:wooden_leggings":1,"immersive_armors:wooden_helmet":1,"regions_unexplored:dead_planks":40,"minecraft:stone_axe":2,"immersive_armors:wooden_chestplate":1},"minecraft:used":{"minecraft:apple":1,"minecraft:stone_pickaxe":36,"minecraft:wooden_pickaxe":17,"minecraft:stone_axe":178,"regions_unexplored:dead_pine_sapling":22,"minecraft:crafting_table":2,"regions_unexplored:pine_sapling":14},"minecraft:custom":{"minecraft:time_since_rest":16624,"minecraft:sprint_one_cm":14742,"minecraft:damage_taken":30,"minecraft:walk_one_cm":29910,"minecraft:drop":9,"minecraft:damage_dealt":90,"minecraft:interact_with_crafting_table":11,"minecraft:fly_one_cm":14245,"minecraft:crouch_one_cm":1320,"minecraft:play_time":16624,"minecraft:sneak_time":735,"minecraft:walk_under_water_one_cm":243,"minecraft:jump":121,"minecraft:time_since_death":16624,"minecraft:walk_on_water_one_cm":452,"minecraft:total_world_time":16624,"minecraft:fall_one_cm":3164},"minecraft:broken":{"minecraft:stone_axe":1},"minecraft:picked_up":{"minecraft:stick":21,"minecraft:coarse_dirt":1,"byg:soapstone":1,"minecraft:andesite":2,"regions_unexplored:pine_sapling":16,"regions_unexplored:tall_spruce_sapling":2,"regions_unexplored:dead_log":20,"minecraft:dirt":19,"regions_unexplored:dead_pine_sapling":29,"regions_unexplored:cattail":2,"minecraft:apple":1,"minecraft:wheat_seeds":2,"regions_unexplored:pine_log":135,"minecraft:cobblestone":50},"minecraft:dropped":{"byg:biomepedia":1,"minecraft:wheat_seeds":1,"regions_unexplored:dead_pine_sapling":3,"regions_unexplored:tall_spruce_sapling":2,"regions_unexplored:pine_sapling":2}},"DataVersion":3120}