{"stats":{"minecraft:broken":{"minecraft:stone_pickaxe":1,"minecraft:stone_axe":3,"minecraft:shield":1,"minecraft:iron_axe":2,"minecraft:iron_pickaxe":1},"minecraft:custom":{"minecraft:interact_with_crafting_table":57,"minecraft:time_since_death":18343,"minecraft:sprint_one_cm":347427,"minecraft:damage_blocked_by_shield":3616,"minecraft:drop":128,"minecraft:play_time":201647,"minecraft:deaths":3,"minecraft:jump":3432,"minecraft:walk_on_water_one_cm":64875,"minecraft:interact_with_furnace":143,"minecraft:interact_with_cartography_table":1,"minecraft:damage_dealt":25187,"minecraft:crouch_one_cm":29505,"minecraft:mob_kills":129,"minecraft:climb_one_cm":3827,"minecraft:walk_one_cm":436087,"minecraft:sneak_time":11711,"minecraft:walk_under_water_one_cm":49106,"minecraft:boat_one_cm":199020,"minecraft:interact_with_blast_furnace":1,"minecraft:total_world_time":201647,"minecraft:time_since_rest":18369,"minecraft:damage_taken":4465,"minecraft:swim_one_cm":61019,"minecraft:fly_one_cm":478631,"minecraft:open_chest":20,"minecraft:fall_one_cm":76919},"minecraft:killed":{"betteranimalsplus:turkey":4,"minecraft:spider":17,"minecraft:skeleton":16,"minecraft:chicken":2,"betteranimalsplus:goose":1,"minecraft:zombie_villager":1,"minecraft:salmon":4,"minecraft:sheep":5,"minecraft:pillager":31,"minecraft:zombie":31,"graveyard:revenant":9,"naturalist:bass":2,"betteranimalsplus:lamprey":1,"graveyard:ghoul":1,"betteranimalsplus:eel_freshwater":2,"minecraft:enderman":1},"minecraft:crafted":{"minecraft:oak_planks":8,"regions_unexplored:maple_planks":80,"minecraft:cooked_chicken":2,"minecraft:cooked_mutton":5,"immersive_armors:wooden_chestplate":1,"betteranimalsplus:turkey_leg_cooked":3,"minecraft:iron_boots":1,"minecraft:chest":2,"immersive_armors:wooden_helmet":1,"minecraft:crafting_table":15,"minecraft:spruce_planks":196,"minecraft:wooden_pickaxe":1,"minecraft:iron_helmet":1,"immersive_armors:wooden_leggings":1,"regions_unexplored:pine_boat":5,"immersive_armors:wooden_boots":1,"minecraft:iron_chestplate":1,"minecraft:diamond_pickaxe":1,"minecraft:shield":3,"minecraft:stick":28,"minecraft:iron_ingot":115,"minecraft:iron_pickaxe":2,"betteranimalsplus:eel_meat_cooked":13,"minecraft:raw_iron":18,"minecraft:furnace":5,"minecraft:iron_axe":3,"minecraft:stone_pickaxe":2,"minecraft:spruce_boat":12,"minecraft:wheat":99,"simple_backpack:backpack":1,"vanilla-hammers:lapis_hammer":1,"minecraft:cooked_salmon":4,"regions_unexplored:dead_planks":40,"regions_unexplored:maple_boat":6,"minecraft:stone_axe":3,"minecraft:bread":34,"minecraft:air":0,"minecraft:oak_boat":1,"regions_unexplored:pine_planks":428,"minecraft:wooden_axe":2,"minecraft:iron_leggings":1,"minecraft:torch":52,"minecraft:lapis_block":2},"minecraft:mined":{"regions_unexplored:maple_planks":2,"regions_unexplored:maple_log":23,"minecraft:obsidian":6,"regions_unexplored:cattail":6,"minecraft:granite":17,"minecraft:grass_block":12,"gobber2:gobber2_lucky_block":4,"regions_unexplored:blue_bioshroom_block":1,"minecraft:spawner":1,"minecraft:raw_iron_block":2,"minecraft:iron_ore":45,"minecraft:cobbled_deepslate":1,"regions_unexplored:mossy_stone":1,"minecraft:deepslate_lapis_ore":8,"minecraft:cave_vines":1,"minecraft:spruce_slab":3,"minecraft:deepslate_redstone_ore":11,"minecraft:smoker":1,"regions_unexplored:duckweed":1,"minecraft:torch":21,"minecraft:clay":9,"minecraft:chest":1,"minecraft:mushroom_stem":2,"minecraft:cobblestone":10,"minecraft:wall_torch":6,"regions_unexplored:pine_log":137,"byg:soapstone":14,"minecraft:mud":1,"minecraft:grass":26,"minecraft:oak_log":2,"minecraft:dirt":31,"byg:blueberry_bush":3,"minecraft:netherrack":1,"minecraft:oak_leaves":19,"minecraft:deepslate":111,"regions_unexplored:green_bioshroom":1,"minecraft:tuff":17,"minecraft:mossy_cobblestone":3,"minecraft:deepslate_diamond_ore":4,"minecraft:dark_oak_fence":2,"minecraft:spruce_fence":3,"minecraft:white_stained_glass":6,"regions_unexplored:pine_planks":13,"regions_unexplored:dead_log":21,"minecraft:large_fern":2,"minecraft:hay_block":11,"minecraft:redstone_ore":13,"minecraft:furnace":14,"minecraft:andesite":2,"minecraft:mossy_stone_brick_stairs":1,"minecraft:deepslate_iron_ore":82,"minecraft:vine":3,"regions_unexplored:medium_grass":8,"minecraft:stone":97,"byg:palm_planks":1,"minecraft:brown_carpet":1,"minecraft:oak_fence":1,"minecraft:crafting_table":4,"minecraft:lapis_ore":4,"minecraft:deepslate_gold_ore":8,"minecraft:diorite":16,"minecraft:coarse_dirt":3,"naturalist:duckweed":1,"minecraft:sweet_berry_bush":8,"minecraft:spruce_log":122,"gobber2:gobber2_lucky_block_deepslate":14,"minecraft:coal_ore":68,"minecraft:gravel":1,"regions_unexplored:tall_spruce_sapling":1,"minecraft:gold_ore":1},"minecraft:dropped":{"byg:biomepedia":1,"byg:red_maple_sapling":1,"minecraft:crossbow":2,"minecraft:flint":2,"minecraft:dirt":4,"regions_unexplored:dead_pine_sapling":7,"immersive_armors:wooden_leggings":1,"regions_unexplored:maple_log":2,"regions_unexplored:tall_spruce_sapling":2,"immersive_armors:wooden_chestplate":1,"gobber2:gobber2_gooey_bread":2,"minecraft:bone":2,"minecraft:gravel":2,"minecraft:cobbled_deepslate":100,"minecraft:wheat":1,"immersive_armors:wooden_boots":1,"byg:rose":1,"minecraft:rotten_flesh":2,"regions_unexplored:duckweed":2,"regions_unexplored:cattail":3,"minecraft:gunpowder":4,"minecraft:spruce_slab":1,"minecraft:arrow":4,"minecraft:netherrack":2,"minecraft:egg":1,"minecraft:iron_ingot":6,"minecraft:wheat_seeds":7,"minecraft:mossy_cobblestone":3,"minecraft:cobblestone":9,"minecraft:lead":2,"minecraft:granite":18,"regions_unexplored:pine_sapling":2,"regions_unexplored:red_maple_sapling":1,"minecraft:diorite":12,"byg:soapstone":15,"minecraft:wooden_axe":1,"minecraft:white_banner":2,"minecraft:iron_axe":1,"regions_unexplored:dead_log":5,"minecraft:lily_pad":3,"minecraft:spruce_sapling":30,"minecraft:sweet_berries":2,"regions_unexplored:pine_planks":1,"minecraft:raw_copper":4,"minecraft:smooth_stone_slab":3,"minecraft:tuff":13,"gobber2:gobber2_gooey_beef":1,"minecraft:clay_ball":36,"vanilla-hammers:lapis_hammer":1,"regions_unexplored:maple_boat":6,"minecraft:spruce_boat":4,"minecraft:shield":1,"regions_unexplored:blue_bioshroom_block":1,"minecraft:spruce_planks":3,"minecraft:andesite":2,"minecraft:golden_leggings":1,"minecraft:oak_sapling":1,"minecraft:spider_eye":7,"minecraft:brown_carpet":1,"minecraft:spruce_log":4,"minecraft:bow":2,"minecraft:stone_pickaxe":1,"minecraft:wooden_pickaxe":1,"immersive_armors:wooden_helmet":1,"byg:white_sage":1},"minecraft:picked_up":{"betteranimalsplus:turkey_egg":2,"minecraft:lead":2,"regions_unexplored:maple_planks":2,"minecraft:string":22,"minecraft:raw_copper":4,"minecraft:smooth_stone_slab":7,"regions_unexplored:pine_log":175,"minecraft:cobbled_deepslate":118,"minecraft:furnace":13,"minecraft:stick":40,"minecraft:torch":225,"minecraft:diorite":14,"minecraft:brown_carpet":1,"gobber2:gobber2_foo":1,"minecraft:rotten_flesh":19,"regions_unexplored:green_bioshroom":1,"minecraft:obsidian":6,"minecraft:cobblestone":111,"betteranimalsplus:goose_egg":2,"minecraft:feather":10,"minecraft:andesite":5,"minecraft:smoker":1,"minecraft:flint":2,"minecraft:tuff":20,"minecraft:lapis_lazuli":100,"minecraft:dirt":45,"minecraft:lantern":2,"byg:white_sage":1,"minecraft:bone":12,"minecraft:bow":2,"gobber2:gobber2_gooey_beef":6,"minecraft:wheat_seeds":8,"byg:blueberries":5,"minecraft:raw_gold":10,"gobber2:gobber2_gooey_bread":9,"byg:rose":1,"regions_unexplored:pine_sapling":16,"regions_unexplored:tall_spruce_sapling":2,"regions_unexplored:blue_bioshroom_block":1,"regions_unexplored:pine_planks":49,"minecraft:mossy_cobblestone":3,"regions_unexplored:cattail":5,"minecraft:diamond":4,"minecraft:crossbow":2,"minecraft:granite":28,"minecraft:oak_sapling":1,"minecraft:netherrack":2,"minecraft:dark_oak_fence":2,"gobber2:gobber2_goo":3,"minecraft:coarse_dirt":3,"minecraft:crafting_table":4,"byg:soapstone":16,"minecraft:chicken":2,"minecraft:clay_ball":36,"regions_unexplored:maple_boat":1,"regions_unexplored:dead_log":25,"minecraft:iron_axe":1,"byg:palm_sapling":2,"graveyard:corruption":5,"immersive_armors:wooden_leggings":1,"minecraft:spruce_slab":4,"minecraft:chest":1,"minecraft:egg":2,"regions_unexplored:duckweed":2,"minecraft:raw_iron":131,"minecraft:spruce_fence":3,"minecraft:redstone":108,"regions_unexplored:mossy_stone":1,"regions_unexplored:dead_pine_sapling":29,"immersive_armors:wooden_helmet":1,"minecraft:arrow":14,"minecraft:hay_block":11,"minecraft:mutton":6,"minecraft:white_wool":4,"byg:red_maple_sapling":1,"minecraft:salmon":4,"minecraft:oak_log":2,"minecraft:lily_pad":3,"regions_unexplored:red_maple_sapling":1,"minecraft:gunpowder":4,"minecraft:white_banner":3,"minecraft:cooked_mutton":1,"minecraft:apple":1,"byg:maple_log":2,"minecraft:sweet_berries":17,"minecraft:raw_iron_block":2,"minecraft:gravel":8,"minecraft:spruce_sapling":30,"minecraft:spruce_log":119,"betteranimalsplus:turkey_leg_raw":3,"byg:palm_planks":1,"minecraft:spider_eye":7,"betteranimalsplus:eel_meat_raw":17,"immersive_armors:wooden_chestplate":1,"betteranimalsplus:eel_meat_cooked":1,"regions_unexplored:maple_log":22,"minecraft:black_wool":1,"immersive_armors:wooden_boots":1,"minecraft:coal":181},"minecraft:killed_by":{"betteranimalsplus:eel_freshwater":1,"minecraft:pillager":1,"minecraft:iron_golem":1},"minecraft:used":{"regions_unexplored:pine_planks":255,"gobber2:gobber2_goo":3,"minecraft:spruce_slab":3,"gobber2:gobber2_gooey_bread":7,"minecraft:chest":2,"minecraft:shield":134,"betteranimalsplus:turkey_egg":2,"minecraft:rotten_flesh":17,"byg:maple_log":2,"minecraft:spruce_boat":2,"betteranimalsplus:eel_meat_cooked":11,"minecraft:lantern":2,"minecraft:sweet_berries":15,"minecraft:furnace":16,"minecraft:egg":1,"minecraft:diorite":2,"minecraft:stone_pickaxe":133,"minecraft:wooden_pickaxe":17,"betteranimalsplus:goose_egg":2,"regions_unexplored:pine_sapling":14,"byg:blueberries":5,"regions_unexplored:pine_boat":5,"minecraft:bread":11,"minecraft:gravel":5,"betteranimalsplus:eel_meat_raw":1,"regions_unexplored:cattail":2,"minecraft:dark_oak_fence":2,"minecraft:andesite":3,"minecraft:smooth_stone_slab":4,"minecraft:oak_boat":1,"minecraft:coarse_dirt":3,"regions_unexplored:maple_boat":1,"byg:palm_sapling":2,"minecraft:cooked_salmon":4,"minecraft:cooked_chicken":2,"regions_unexplored:maple_planks":4,"minecraft:torch":268,"regions_unexplored:mossy_stone":1,"minecraft:dirt":28,"regions_unexplored:dead_pine_sapling":22,"betteranimalsplus:turkey_leg_cooked":3,"minecraft:granite":10,"vanilla-hammers:lapis_hammer":129,"minecraft:wooden_axe":80,"minecraft:iron_axe":391,"gobber2:gobber2_gooey_beef":5,"minecraft:cobbled_deepslate":11,"minecraft:cooked_mutton":6,"regions_unexplored:dead_planks":2,"regions_unexplored:green_bioshroom":1,"minecraft:crafting_table":18,"minecraft:spruce_log":12,"minecraft:diamond_pickaxe":13,"minecraft:apple":1,"minecraft:iron_pickaxe":337,"byg:soapstone":1,"minecraft:stone_axe":305,"minecraft:cobblestone":41,"byg:palm_planks":1}},"DataVersion":3120}