{"stats":{"minecraft:mined":{"minecraft:torch":1,"regions_unexplored:cattail":2,"minecraft:grass_block":4,"regions_unexplored:dead_log":21,"regions_unexplored:pine_log":135,"byg:soapstone":1,"minecraft:coarse_dirt":2,"minecraft:iron_ore":3,"minecraft:sweet_berry_bush":1,"minecraft:andesite":2,"minecraft:grass":7,"minecraft:coal_ore":9,"minecraft:dirt":15,"regions_unexplored:tall_spruce_sapling":1,"regions_unexplored:medium_grass":6,"minecraft:stone":55},"minecraft:killed_by":{"betteranimalsplus:eel_freshwater":1},"minecraft:crafted":{"minecraft:crafting_table":3,"minecraft:wooden_pickaxe":1,"immersive_armors:wooden_leggings":1,"minecraft:furnace":2,"regions_unexplored:dead_planks":40,"minecraft:stone_axe":2,"minecraft:air":0,"immersive_armors:wooden_chestplate":1,"immersive_armors:wooden_boots":1,"regions_unexplored:pine_planks":352,"minecraft:shield":2,"minecraft:stick":8,"minecraft:iron_ingot":4,"minecraft:stone_pickaxe":1,"betteranimalsplus:eel_meat_cooked":4,"immersive_armors:wooden_helmet":1,"minecraft:torch":4,"minecraft:lapis_block":2},"minecraft:used":{"regions_unexplored:pine_planks":9,"minecraft:stone_pickaxe":57,"minecraft:wooden_pickaxe":17,"regions_unexplored:dead_planks":2,"minecraft:torch":2,"minecraft:dirt":19,"regions_unexplored:dead_pine_sapling":22,"minecraft:crafting_table":3,"regions_unexplored:pine_sapling":14,"minecraft:apple":1,"betteranimalsplus:eel_meat_cooked":1,"minecraft:stone_axe":183,"betteranimalsplus:eel_meat_raw":1,"minecraft:sweet_berries":2,"minecraft:furnace":2,"minecraft:coarse_dirt":2},"minecraft:custom":{"minecraft:interact_with_furnace":13,"minecraft:mob_kills":1,"minecraft:interact_with_crafting_table":15,"minecraft:time_since_death":3485,"minecraft:time_since_rest":3514,"minecraft:sprint_one_cm":35454,"minecraft:damage_taken":330,"minecraft:walk_one_cm":48940,"minecraft:drop":12,"minecraft:damage_dealt":472,"minecraft:swim_one_cm":6661,"minecraft:fly_one_cm":39135,"minecraft:crouch_one_cm":5259,"minecraft:play_time":28624,"minecraft:deaths":1,"minecraft:sneak_time":1764,"minecraft:walk_under_water_one_cm":9113,"minecraft:jump":300,"minecraft:walk_on_water_one_cm":11126,"minecraft:total_world_time":28624,"minecraft:fall_one_cm":8039},"minecraft:broken":{"minecraft:stone_axe":1},"minecraft:picked_up":{"minecraft:coarse_dirt":2,"byg:soapstone":1,"minecraft:andesite":2,"regions_unexplored:dead_log":20,"minecraft:lapis_lazuli":25,"minecraft:dirt":19,"minecraft:apple":1,"minecraft:wheat_seeds":2,"regions_unexplored:pine_log":135,"minecraft:stick":21,"minecraft:raw_iron":4,"minecraft:sweet_berries":2,"regions_unexplored:pine_sapling":16,"minecraft:torch":1,"regions_unexplored:tall_spruce_sapling":2,"regions_unexplored:dead_pine_sapling":29,"regions_unexplored:cattail":2,"betteranimalsplus:eel_meat_raw":11,"minecraft:coal":8,"minecraft:cobblestone":56},"minecraft:dropped":{"byg:biomepedia":1,"minecraft:wheat_seeds":1,"regions_unexplored:pine_sapling":2,"regions_unexplored:cattail":2,"minecraft:shield":1,"regions_unexplored:dead_pine_sapling":3,"regions_unexplored:tall_spruce_sapling":2,"minecraft:wooden_pickaxe":1}},"DataVersion":3120}