{"stats":{"minecraft:broken":{"minecraft:stone_pickaxe":1,"minecraft:iron_axe":2,"minecraft:stone_axe":3,"minecraft:iron_pickaxe":1},"minecraft:custom":{"minecraft:mob_kills":119,"minecraft:interact_with_crafting_table":53,"minecraft:time_since_death":343,"minecraft:climb_one_cm":3827,"minecraft:sprint_one_cm":301979,"minecraft:walk_one_cm":407353,"minecraft:damage_blocked_by_shield":3248,"minecraft:drop":105,"minecraft:play_time":183647,"minecraft:deaths":3,"minecraft:sneak_time":11692,"minecraft:walk_under_water_one_cm":48776,"minecraft:boat_one_cm":134701,"minecraft:jump":3092,"minecraft:walk_on_water_one_cm":63877,"minecraft:total_world_time":183647,"minecraft:interact_with_furnace":143,"minecraft:time_since_rest":369,"minecraft:damage_taken":3991,"minecraft:damage_dealt":22678,"minecraft:swim_one_cm":59648,"minecraft:fly_one_cm":406851,"minecraft:open_chest":16,"minecraft:crouch_one_cm":29391,"minecraft:fall_one_cm":65243},"minecraft:killed":{"betteranimalsplus:turkey":4,"graveyard:revenant":8,"minecraft:spider":17,"minecraft:skeleton":16,"minecraft:chicken":2,"naturalist:bass":2,"betteranimalsplus:goose":1,"betteranimalsplus:lamprey":1,"graveyard:ghoul":1,"minecraft:zombie_villager":1,"minecraft:salmon":4,"betteranimalsplus:eel_freshwater":2,"minecraft:sheep":5,"minecraft:pillager":22,"minecraft:zombie":31,"minecraft:enderman":1},"minecraft:crafted":{"minecraft:oak_planks":8,"minecraft:raw_iron":18,"regions_unexplored:maple_planks":48,"minecraft:cooked_chicken":2,"minecraft:furnace":5,"minecraft:cooked_mutton":5,"immersive_armors:wooden_chestplate":1,"betteranimalsplus:turkey_leg_cooked":3,"minecraft:iron_boots":1,"minecraft:iron_axe":3,"minecraft:stone_pickaxe":2,"minecraft:spruce_boat":7,"minecraft:chest":2,"immersive_armors:wooden_helmet":1,"minecraft:wheat":99,"minecraft:spruce_planks":120,"simple_backpack:backpack":1,"minecraft:crafting_table":13,"minecraft:wooden_pickaxe":1,"vanilla-hammers:lapis_hammer":1,"minecraft:iron_helmet":1,"immersive_armors:wooden_leggings":1,"regions_unexplored:pine_boat":5,"minecraft:cooked_salmon":4,"regions_unexplored:dead_planks":40,"minecraft:stone_axe":3,"minecraft:bread":34,"minecraft:air":0,"immersive_armors:wooden_boots":1,"minecraft:oak_boat":1,"regions_unexplored:pine_planks":428,"minecraft:iron_chestplate":1,"minecraft:diamond_pickaxe":1,"minecraft:shield":2,"minecraft:stick":24,"minecraft:iron_ingot":115,"minecraft:iron_pickaxe":2,"minecraft:wooden_axe":1,"minecraft:iron_leggings":1,"betteranimalsplus:eel_meat_cooked":13,"minecraft:torch":52,"minecraft:lapis_block":2},"minecraft:mined":{"regions_unexplored:green_bioshroom":1,"minecraft:tuff":17,"minecraft:mossy_cobblestone":3,"regions_unexplored:maple_planks":2,"minecraft:deepslate_diamond_ore":4,"regions_unexplored:maple_log":13,"minecraft:dark_oak_fence":2,"minecraft:obsidian":6,"regions_unexplored:cattail":6,"minecraft:granite":17,"minecraft:spruce_fence":3,"minecraft:grass_block":12,"gobber2:gobber2_lucky_block":4,"minecraft:white_stained_glass":6,"regions_unexplored:pine_planks":8,"regions_unexplored:dead_log":21,"minecraft:spawner":1,"regions_unexplored:blue_bioshroom_block":1,"minecraft:large_fern":2,"minecraft:hay_block":11,"minecraft:raw_iron_block":2,"minecraft:redstone_ore":13,"minecraft:furnace":14,"minecraft:iron_ore":45,"minecraft:andesite":2,"minecraft:deepslate_lapis_ore":8,"minecraft:mossy_stone_brick_stairs":1,"minecraft:vine":3,"minecraft:cave_vines":1,"minecraft:deepslate_iron_ore":82,"regions_unexplored:medium_grass":7,"minecraft:stone":97,"minecraft:spruce_slab":1,"minecraft:deepslate_redstone_ore":11,"byg:palm_planks":1,"regions_unexplored:duckweed":1,"minecraft:crafting_table":3,"minecraft:clay":9,"minecraft:oak_fence":1,"minecraft:torch":20,"minecraft:chest":1,"minecraft:mushroom_stem":2,"minecraft:cobblestone":10,"minecraft:deepslate_gold_ore":8,"minecraft:lapis_ore":4,"minecraft:diorite":16,"minecraft:wall_torch":6,"regions_unexplored:pine_log":137,"byg:soapstone":14,"minecraft:coarse_dirt":2,"naturalist:duckweed":1,"minecraft:mud":1,"minecraft:sweet_berry_bush":8,"minecraft:spruce_log":103,"gobber2:gobber2_lucky_block_deepslate":14,"minecraft:oak_log":2,"minecraft:grass":18,"minecraft:coal_ore":68,"minecraft:dirt":31,"byg:blueberry_bush":3,"regions_unexplored:tall_spruce_sapling":1,"minecraft:netherrack":1,"minecraft:oak_leaves":19,"minecraft:gold_ore":1,"minecraft:deepslate":111},"minecraft:dropped":{"byg:biomepedia":1,"minecraft:iron_ingot":6,"minecraft:wheat_seeds":7,"byg:red_maple_sapling":1,"minecraft:mossy_cobblestone":3,"minecraft:crossbow":2,"minecraft:cobblestone":9,"minecraft:lead":2,"minecraft:granite":18,"regions_unexplored:pine_sapling":2,"minecraft:flint":2,"minecraft:dirt":4,"minecraft:diorite":12,"regions_unexplored:dead_pine_sapling":7,"immersive_armors:wooden_leggings":1,"byg:soapstone":15,"minecraft:white_banner":2,"minecraft:iron_axe":1,"regions_unexplored:maple_log":2,"regions_unexplored:dead_log":5,"regions_unexplored:tall_spruce_sapling":2,"immersive_armors:wooden_chestplate":1,"minecraft:lily_pad":3,"gobber2:gobber2_gooey_bread":2,"minecraft:spruce_sapling":24,"minecraft:bone":2,"minecraft:gravel":2,"minecraft:sweet_berries":2,"regions_unexplored:pine_planks":1,"minecraft:cobbled_deepslate":100,"minecraft:raw_copper":4,"minecraft:wheat":1,"byg:rose":1,"minecraft:tuff":13,"immersive_armors:wooden_boots":1,"gobber2:gobber2_gooey_beef":1,"minecraft:rotten_flesh":2,"minecraft:clay_ball":36,"regions_unexplored:duckweed":2,"vanilla-hammers:lapis_hammer":1,"regions_unexplored:cattail":3,"minecraft:gunpowder":4,"minecraft:shield":1,"regions_unexplored:blue_bioshroom_block":1,"minecraft:andesite":2,"minecraft:golden_leggings":1,"minecraft:oak_sapling":1,"minecraft:spider_eye":7,"minecraft:spruce_slab":1,"minecraft:spruce_log":4,"minecraft:arrow":4,"minecraft:bow":2,"minecraft:stone_pickaxe":1,"minecraft:wooden_pickaxe":1,"byg:white_sage":1,"minecraft:netherrack":2,"immersive_armors:wooden_helmet":1,"minecraft:egg":1},"minecraft:picked_up":{"betteranimalsplus:turkey_egg":2,"minecraft:crafting_table":3,"minecraft:coarse_dirt":2,"byg:soapstone":16,"minecraft:chicken":2,"minecraft:clay_ball":36,"minecraft:lead":2,"regions_unexplored:maple_planks":2,"regions_unexplored:dead_log":25,"minecraft:string":22,"minecraft:iron_axe":1,"minecraft:raw_copper":4,"byg:palm_sapling":2,"graveyard:corruption":5,"regions_unexplored:pine_log":175,"minecraft:cobbled_deepslate":117,"immersive_armors:wooden_leggings":1,"minecraft:spruce_slab":2,"minecraft:chest":1,"minecraft:egg":2,"minecraft:furnace":13,"regions_unexplored:duckweed":2,"minecraft:raw_iron":131,"minecraft:stick":36,"minecraft:torch":224,"minecraft:spruce_fence":3,"minecraft:diorite":14,"minecraft:redstone":108,"regions_unexplored:dead_pine_sapling":29,"gobber2:gobber2_foo":1,"immersive_armors:wooden_helmet":1,"minecraft:arrow":14,"minecraft:rotten_flesh":19,"regions_unexplored:green_bioshroom":1,"minecraft:hay_block":11,"minecraft:mutton":6,"minecraft:obsidian":6,"minecraft:white_wool":4,"betteranimalsplus:goose_egg":2,"minecraft:cobblestone":111,"byg:red_maple_sapling":1,"minecraft:feather":10,"minecraft:salmon":4,"minecraft:andesite":5,"minecraft:oak_log":2,"minecraft:flint":2,"minecraft:tuff":20,"minecraft:gunpowder":4,"minecraft:lily_pad":3,"minecraft:lantern":2,"minecraft:lapis_lazuli":100,"minecraft:dirt":32,"minecraft:white_banner":2,"minecraft:cooked_mutton":1,"byg:white_sage":1,"minecraft:bone":12,"minecraft:apple":1,"byg:blueberries":5,"minecraft:bow":2,"gobber2:gobber2_gooey_beef":6,"minecraft:wheat_seeds":7,"minecraft:raw_gold":10,"byg:rose":1,"gobber2:gobber2_gooey_bread":9,"byg:maple_log":2,"minecraft:sweet_berries":17,"regions_unexplored:pine_sapling":16,"minecraft:gravel":5,"regions_unexplored:tall_spruce_sapling":2,"minecraft:raw_iron_block":2,"regions_unexplored:blue_bioshroom_block":1,"regions_unexplored:pine_planks":41,"minecraft:spruce_sapling":24,"minecraft:spruce_log":100,"byg:palm_planks":1,"minecraft:spider_eye":7,"betteranimalsplus:turkey_leg_raw":3,"minecraft:mossy_cobblestone":3,"regions_unexplored:cattail":5,"betteranimalsplus:eel_meat_raw":17,"minecraft:diamond":4,"immersive_armors:wooden_chestplate":1,"minecraft:crossbow":2,"betteranimalsplus:eel_meat_cooked":1,"minecraft:granite":28,"regions_unexplored:maple_log":14,"minecraft:dark_oak_fence":2,"minecraft:black_wool":1,"minecraft:netherrack":2,"minecraft:oak_sapling":1,"minecraft:coal":181,"immersive_armors:wooden_boots":1,"gobber2:gobber2_goo":3},"minecraft:killed_by":{"betteranimalsplus:eel_freshwater":1,"minecraft:pillager":1,"minecraft:iron_golem":1},"minecraft:used":{"regions_unexplored:pine_planks":215,"gobber2:gobber2_goo":3,"minecraft:spruce_slab":1,"gobber2:gobber2_gooey_bread":7,"minecraft:chest":2,"minecraft:shield":123,"minecraft:cooked_salmon":4,"betteranimalsplus:turkey_egg":2,"minecraft:cooked_chicken":2,"minecraft:rotten_flesh":17,"regions_unexplored:maple_planks":2,"minecraft:torch":265,"minecraft:dirt":28,"regions_unexplored:dead_pine_sapling":22,"betteranimalsplus:turkey_leg_cooked":3,"minecraft:granite":10,"byg:maple_log":2,"minecraft:spruce_boat":1,"vanilla-hammers:lapis_hammer":129,"minecraft:wooden_axe":54,"betteranimalsplus:eel_meat_cooked":11,"minecraft:lantern":2,"minecraft:iron_axe":337,"gobber2:gobber2_gooey_beef":5,"minecraft:sweet_berries":15,"minecraft:furnace":16,"minecraft:egg":1,"minecraft:cobbled_deepslate":10,"minecraft:cooked_mutton":6,"minecraft:diorite":2,"minecraft:stone_pickaxe":133,"minecraft:wooden_pickaxe":17,"regions_unexplored:dead_planks":2,"regions_unexplored:green_bioshroom":1,"betteranimalsplus:goose_egg":2,"minecraft:crafting_table":16,"minecraft:spruce_log":5,"regions_unexplored:pine_sapling":14,"minecraft:diamond_pickaxe":13,"byg:blueberries":3,"minecraft:apple":1,"regions_unexplored:pine_boat":5,"minecraft:bread":2,"minecraft:iron_pickaxe":333,"minecraft:gravel":3,"byg:soapstone":1,"betteranimalsplus:eel_meat_raw":1,"minecraft:stone_axe":305,"regions_unexplored:cattail":2,"minecraft:cobblestone":41,"minecraft:dark_oak_fence":2,"minecraft:andesite":3,"minecraft:oak_boat":1,"byg:palm_planks":1,"minecraft:coarse_dirt":2,"byg:palm_sapling":2}},"DataVersion":3120}