{"stats":{"minecraft:broken":{"minecraft:stone_pickaxe":1,"minecraft:stone_axe":3,"minecraft:iron_pickaxe":1},"minecraft:custom":{"minecraft:mob_kills":63,"minecraft:interact_with_crafting_table":39,"minecraft:time_since_death":110508,"minecraft:climb_one_cm":2857,"minecraft:sprint_one_cm":204392,"minecraft:walk_one_cm":264927,"minecraft:damage_blocked_by_shield":2258,"minecraft:drop":54,"minecraft:play_time":135647,"minecraft:deaths":1,"minecraft:sneak_time":10330,"minecraft:walk_under_water_one_cm":39099,"minecraft:boat_one_cm":58127,"minecraft:jump":2035,"minecraft:walk_on_water_one_cm":57213,"minecraft:total_world_time":135647,"minecraft:interact_with_furnace":117,"minecraft:time_since_rest":110537,"minecraft:damage_taken":2465,"minecraft:damage_dealt":12748,"minecraft:swim_one_cm":37441,"minecraft:fly_one_cm":252756,"minecraft:open_chest":6,"minecraft:crouch_one_cm":25980,"minecraft:fall_one_cm":38104},"minecraft:killed":{"betteranimalsplus:turkey":4,"graveyard:revenant":5,"minecraft:spider":7,"minecraft:skeleton":12,"minecraft:chicken":2,"betteranimalsplus:goose":1,"betteranimalsplus:lamprey":1,"graveyard:ghoul":1,"minecraft:sheep":1,"minecraft:zombie":27,"minecraft:enderman":1},"minecraft:crafted":{"minecraft:raw_iron":18,"minecraft:cooked_chicken":2,"minecraft:furnace":3,"immersive_armors:wooden_chestplate":1,"betteranimalsplus:turkey_leg_cooked":2,"minecraft:iron_boots":1,"minecraft:iron_axe":1,"minecraft:stone_pickaxe":2,"minecraft:chest":1,"immersive_armors:wooden_helmet":1,"minecraft:crafting_table":9,"minecraft:wooden_pickaxe":1,"vanilla-hammers:lapis_hammer":1,"minecraft:iron_helmet":1,"immersive_armors:wooden_leggings":1,"regions_unexplored:pine_boat":5,"regions_unexplored:dead_planks":40,"minecraft:stone_axe":3,"minecraft:air":0,"immersive_armors:wooden_boots":1,"regions_unexplored:pine_planks":352,"minecraft:iron_chestplate":1,"minecraft:diamond_pickaxe":1,"minecraft:shield":2,"minecraft:stick":20,"minecraft:iron_ingot":115,"minecraft:iron_pickaxe":2,"minecraft:iron_leggings":1,"betteranimalsplus:eel_meat_cooked":7,"minecraft:torch":52,"minecraft:lapis_block":2},"minecraft:mined":{"regions_unexplored:green_bioshroom":1,"minecraft:tuff":17,"regions_unexplored:maple_planks":2,"minecraft:deepslate_diamond_ore":4,"minecraft:obsidian":6,"regions_unexplored:cattail":6,"minecraft:granite":17,"minecraft:grass_block":7,"gobber2:gobber2_lucky_block":4,"regions_unexplored:pine_planks":7,"regions_unexplored:dead_log":21,"regions_unexplored:blue_bioshroom_block":1,"minecraft:large_fern":2,"minecraft:raw_iron_block":2,"minecraft:redstone_ore":13,"minecraft:furnace":8,"minecraft:iron_ore":42,"minecraft:andesite":2,"minecraft:deepslate_lapis_ore":8,"minecraft:mossy_stone_brick_stairs":1,"minecraft:vine":3,"minecraft:cave_vines":1,"minecraft:deepslate_iron_ore":82,"regions_unexplored:medium_grass":6,"minecraft:stone":84,"minecraft:deepslate_redstone_ore":11,"regions_unexplored:duckweed":1,"minecraft:crafting_table":2,"minecraft:clay":9,"minecraft:oak_fence":1,"minecraft:torch":20,"minecraft:chest":1,"minecraft:mushroom_stem":2,"minecraft:cobblestone":3,"minecraft:deepslate_gold_ore":8,"minecraft:lapis_ore":4,"minecraft:diorite":11,"minecraft:wall_torch":5,"regions_unexplored:pine_log":135,"byg:soapstone":12,"minecraft:coarse_dirt":2,"naturalist:duckweed":1,"minecraft:mud":1,"minecraft:sweet_berry_bush":8,"gobber2:gobber2_lucky_block_deepslate":14,"minecraft:grass":8,"minecraft:coal_ore":68,"minecraft:dirt":19,"regions_unexplored:tall_spruce_sapling":1,"minecraft:netherrack":1,"minecraft:oak_leaves":19,"minecraft:gold_ore":1,"minecraft:deepslate":111},"minecraft:dropped":{"byg:biomepedia":1,"minecraft:iron_ingot":6,"minecraft:wheat_seeds":2,"minecraft:lead":2,"minecraft:granite":18,"regions_unexplored:pine_sapling":2,"minecraft:diorite":8,"regions_unexplored:dead_pine_sapling":7,"immersive_armors:wooden_leggings":1,"byg:soapstone":13,"minecraft:iron_axe":1,"regions_unexplored:dead_log":5,"regions_unexplored:tall_spruce_sapling":2,"immersive_armors:wooden_chestplate":1,"minecraft:lily_pad":3,"gobber2:gobber2_gooey_bread":2,"minecraft:sweet_berries":2,"minecraft:cobbled_deepslate":100,"minecraft:raw_copper":4,"minecraft:tuff":13,"immersive_armors:wooden_boots":1,"gobber2:gobber2_gooey_beef":1,"minecraft:rotten_flesh":2,"minecraft:clay_ball":20,"regions_unexplored:duckweed":1,"vanilla-hammers:lapis_hammer":1,"regions_unexplored:cattail":3,"minecraft:shield":1,"regions_unexplored:blue_bioshroom_block":1,"minecraft:andesite":2,"minecraft:golden_leggings":1,"minecraft:oak_sapling":1,"minecraft:spider_eye":1,"minecraft:wooden_pickaxe":1,"immersive_armors:wooden_helmet":1,"minecraft:egg":1},"minecraft:picked_up":{"betteranimalsplus:turkey_egg":2,"minecraft:crafting_table":2,"minecraft:coarse_dirt":2,"byg:soapstone":14,"minecraft:chicken":2,"minecraft:clay_ball":36,"minecraft:lead":2,"regions_unexplored:maple_planks":2,"regions_unexplored:dead_log":25,"minecraft:string":12,"minecraft:iron_axe":1,"minecraft:raw_copper":4,"byg:palm_sapling":2,"graveyard:corruption":3,"regions_unexplored:pine_log":135,"minecraft:cobbled_deepslate":117,"immersive_armors:wooden_leggings":1,"minecraft:chest":1,"minecraft:egg":2,"minecraft:furnace":7,"regions_unexplored:duckweed":2,"minecraft:raw_iron":128,"minecraft:stick":22,"minecraft:torch":222,"minecraft:diorite":10,"minecraft:redstone":108,"regions_unexplored:dead_pine_sapling":29,"gobber2:gobber2_foo":1,"immersive_armors:wooden_helmet":1,"minecraft:arrow":10,"minecraft:rotten_flesh":19,"regions_unexplored:green_bioshroom":1,"minecraft:mutton":1,"minecraft:obsidian":6,"minecraft:white_wool":1,"betteranimalsplus:goose_egg":2,"minecraft:cobblestone":101,"minecraft:feather":10,"minecraft:andesite":5,"minecraft:tuff":20,"minecraft:lily_pad":3,"minecraft:lapis_lazuli":100,"minecraft:dirt":25,"minecraft:bone":10,"minecraft:apple":1,"gobber2:gobber2_gooey_beef":6,"minecraft:wheat_seeds":2,"minecraft:raw_gold":10,"gobber2:gobber2_gooey_bread":9,"minecraft:sweet_berries":17,"regions_unexplored:pine_sapling":16,"minecraft:gravel":3,"regions_unexplored:tall_spruce_sapling":2,"minecraft:raw_iron_block":2,"regions_unexplored:blue_bioshroom_block":1,"regions_unexplored:pine_planks":6,"minecraft:spider_eye":1,"betteranimalsplus:turkey_leg_raw":3,"regions_unexplored:cattail":5,"betteranimalsplus:eel_meat_raw":11,"minecraft:diamond":4,"immersive_armors:wooden_chestplate":1,"betteranimalsplus:eel_meat_cooked":1,"minecraft:granite":28,"minecraft:netherrack":1,"minecraft:oak_sapling":1,"minecraft:coal":181,"immersive_armors:wooden_boots":1,"gobber2:gobber2_goo":3},"minecraft:killed_by":{"betteranimalsplus:eel_freshwater":1},"minecraft:used":{"regions_unexplored:pine_planks":164,"gobber2:gobber2_goo":3,"gobber2:gobber2_gooey_bread":7,"minecraft:chest":2,"minecraft:shield":92,"betteranimalsplus:turkey_egg":2,"minecraft:cooked_chicken":2,"minecraft:rotten_flesh":17,"regions_unexplored:maple_planks":2,"minecraft:torch":260,"minecraft:dirt":25,"regions_unexplored:dead_pine_sapling":22,"betteranimalsplus:turkey_leg_cooked":2,"minecraft:granite":10,"vanilla-hammers:lapis_hammer":129,"betteranimalsplus:eel_meat_cooked":8,"minecraft:iron_axe":82,"gobber2:gobber2_gooey_beef":5,"minecraft:sweet_berries":15,"minecraft:furnace":10,"minecraft:egg":1,"minecraft:cobbled_deepslate":10,"minecraft:diorite":2,"minecraft:stone_pickaxe":133,"minecraft:wooden_pickaxe":17,"regions_unexplored:dead_planks":2,"regions_unexplored:green_bioshroom":1,"betteranimalsplus:goose_egg":2,"minecraft:crafting_table":11,"regions_unexplored:pine_sapling":14,"minecraft:diamond_pickaxe":9,"minecraft:apple":1,"regions_unexplored:pine_boat":5,"minecraft:iron_pickaxe":284,"minecraft:gravel":3,"byg:soapstone":1,"betteranimalsplus:eel_meat_raw":1,"minecraft:stone_axe":305,"regions_unexplored:cattail":2,"minecraft:cobblestone":39,"minecraft:andesite":3,"minecraft:coarse_dirt":2,"byg:palm_sapling":2}},"DataVersion":3120}