{"stats":{"minecraft:broken":{"minecraft:stone_pickaxe":1,"minecraft:stone_axe":3,"minecraft:iron_pickaxe":1},"minecraft:custom":{"minecraft:mob_kills":39,"minecraft:interact_with_crafting_table":33,"minecraft:time_since_death":74508,"minecraft:sprint_one_cm":137614,"minecraft:walk_one_cm":204973,"minecraft:damage_blocked_by_shield":1710,"minecraft:drop":33,"minecraft:play_time":99647,"minecraft:deaths":1,"minecraft:sneak_time":9615,"minecraft:walk_under_water_one_cm":27232,"minecraft:jump":1385,"minecraft:walk_on_water_one_cm":30114,"minecraft:total_world_time":99647,"minecraft:interact_with_furnace":82,"minecraft:time_since_rest":74537,"minecraft:damage_taken":2131,"minecraft:damage_dealt":9032,"minecraft:swim_one_cm":24358,"minecraft:fly_one_cm":145694,"minecraft:open_chest":5,"minecraft:crouch_one_cm":24740,"minecraft:fall_one_cm":28437},"minecraft:crafted":{"minecraft:furnace":3,"immersive_armors:wooden_chestplate":1,"minecraft:iron_boots":1,"minecraft:iron_axe":1,"minecraft:stone_pickaxe":2,"minecraft:chest":1,"immersive_armors:wooden_helmet":1,"minecraft:crafting_table":7,"minecraft:wooden_pickaxe":1,"vanilla-hammers:lapis_hammer":1,"minecraft:iron_helmet":1,"immersive_armors:wooden_leggings":1,"regions_unexplored:dead_planks":40,"minecraft:stone_axe":3,"minecraft:air":0,"immersive_armors:wooden_boots":1,"regions_unexplored:pine_planks":352,"minecraft:iron_chestplate":1,"minecraft:shield":2,"minecraft:stick":20,"minecraft:iron_ingot":87,"minecraft:iron_pickaxe":2,"minecraft:iron_leggings":1,"betteranimalsplus:eel_meat_cooked":7,"minecraft:torch":52,"minecraft:lapis_block":2},"minecraft:killed":{"minecraft:spider":3,"minecraft:skeleton":9,"graveyard:ghoul":1,"minecraft:zombie":24,"minecraft:enderman":1},"minecraft:mined":{"regions_unexplored:green_bioshroom":1,"minecraft:tuff":17,"regions_unexplored:maple_planks":2,"minecraft:deepslate_diamond_ore":4,"regions_unexplored:cattail":2,"minecraft:granite":17,"minecraft:grass_block":4,"gobber2:gobber2_lucky_block":3,"regions_unexplored:pine_planks":6,"regions_unexplored:dead_log":21,"regions_unexplored:blue_bioshroom_block":1,"minecraft:raw_iron_block":2,"minecraft:redstone_ore":13,"minecraft:furnace":6,"minecraft:iron_ore":42,"minecraft:andesite":2,"minecraft:deepslate_lapis_ore":8,"minecraft:cave_vines":1,"minecraft:deepslate_iron_ore":82,"regions_unexplored:medium_grass":6,"minecraft:stone":83,"minecraft:deepslate_redstone_ore":11,"minecraft:clay":9,"minecraft:oak_fence":1,"minecraft:torch":20,"minecraft:chest":1,"minecraft:mushroom_stem":2,"minecraft:cobblestone":3,"minecraft:deepslate_gold_ore":8,"minecraft:lapis_ore":4,"minecraft:diorite":11,"minecraft:wall_torch":5,"regions_unexplored:pine_log":135,"byg:soapstone":11,"minecraft:coarse_dirt":2,"minecraft:sweet_berry_bush":1,"gobber2:gobber2_lucky_block_deepslate":14,"minecraft:grass":8,"minecraft:coal_ore":68,"minecraft:dirt":15,"regions_unexplored:tall_spruce_sapling":1,"minecraft:gold_ore":1,"minecraft:deepslate":111},"minecraft:picked_up":{"minecraft:coarse_dirt":2,"byg:soapstone":11,"minecraft:clay_ball":36,"regions_unexplored:maple_planks":2,"regions_unexplored:dead_log":25,"minecraft:string":7,"minecraft:raw_copper":4,"regions_unexplored:pine_log":135,"minecraft:cobbled_deepslate":117,"immersive_armors:wooden_leggings":1,"minecraft:chest":1,"minecraft:furnace":5,"minecraft:raw_iron":128,"minecraft:stick":21,"minecraft:torch":175,"minecraft:diorite":7,"minecraft:redstone":108,"regions_unexplored:dead_pine_sapling":29,"gobber2:gobber2_foo":1,"immersive_armors:wooden_helmet":1,"minecraft:arrow":9,"minecraft:rotten_flesh":17,"regions_unexplored:green_bioshroom":1,"minecraft:cobblestone":90,"minecraft:andesite":4,"minecraft:tuff":20,"minecraft:lapis_lazuli":100,"minecraft:dirt":19,"minecraft:bone":8,"minecraft:apple":1,"gobber2:gobber2_gooey_beef":5,"minecraft:wheat_seeds":2,"minecraft:raw_gold":10,"gobber2:gobber2_gooey_bread":8,"minecraft:sweet_berries":2,"regions_unexplored:pine_sapling":16,"minecraft:gravel":3,"regions_unexplored:tall_spruce_sapling":2,"minecraft:raw_iron_block":2,"regions_unexplored:blue_bioshroom_block":1,"regions_unexplored:pine_planks":5,"regions_unexplored:cattail":2,"betteranimalsplus:eel_meat_raw":11,"minecraft:diamond":4,"immersive_armors:wooden_chestplate":1,"betteranimalsplus:eel_meat_cooked":1,"minecraft:granite":19,"minecraft:coal":144,"immersive_armors:wooden_boots":1,"gobber2:gobber2_goo":3},"minecraft:dropped":{"byg:biomepedia":1,"minecraft:wheat_seeds":2,"minecraft:granite":9,"regions_unexplored:pine_sapling":2,"minecraft:diorite":5,"regions_unexplored:dead_pine_sapling":7,"immersive_armors:wooden_leggings":1,"byg:soapstone":10,"regions_unexplored:dead_log":5,"regions_unexplored:tall_spruce_sapling":2,"immersive_armors:wooden_chestplate":1,"gobber2:gobber2_gooey_bread":2,"minecraft:cobbled_deepslate":30,"minecraft:raw_copper":4,"minecraft:tuff":2,"immersive_armors:wooden_boots":1,"gobber2:gobber2_gooey_beef":1,"minecraft:clay_ball":20,"regions_unexplored:cattail":2,"minecraft:shield":1,"regions_unexplored:blue_bioshroom_block":1,"minecraft:andesite":2,"minecraft:wooden_pickaxe":1,"immersive_armors:wooden_helmet":1},"minecraft:killed_by":{"betteranimalsplus:eel_freshwater":1},"minecraft:used":{"regions_unexplored:pine_planks":126,"gobber2:gobber2_goo":3,"gobber2:gobber2_gooey_bread":6,"minecraft:chest":2,"minecraft:shield":75,"minecraft:rotten_flesh":17,"regions_unexplored:maple_planks":2,"minecraft:torch":215,"minecraft:dirt":19,"regions_unexplored:dead_pine_sapling":22,"minecraft:granite":1,"vanilla-hammers:lapis_hammer":129,"betteranimalsplus:eel_meat_cooked":8,"minecraft:iron_axe":23,"gobber2:gobber2_gooey_beef":4,"minecraft:sweet_berries":2,"minecraft:furnace":6,"minecraft:cobbled_deepslate":10,"minecraft:diorite":2,"minecraft:stone_pickaxe":133,"minecraft:wooden_pickaxe":17,"regions_unexplored:dead_planks":2,"regions_unexplored:green_bioshroom":1,"minecraft:crafting_table":7,"regions_unexplored:pine_sapling":14,"minecraft:apple":1,"minecraft:iron_pickaxe":275,"minecraft:gravel":3,"byg:soapstone":1,"betteranimalsplus:eel_meat_raw":1,"minecraft:stone_axe":305,"minecraft:cobblestone":39,"minecraft:andesite":2,"minecraft:coarse_dirt":2}},"DataVersion":3120}