{"stats":{"minecraft:broken":{"minecraft:wooden_axe":1},"minecraft:custom":{"minecraft:time_since_rest":6891,"minecraft:sprint_one_cm":13209,"minecraft:damage_taken":365,"minecraft:walk_one_cm":22330,"minecraft:mob_kills":2,"minecraft:drop":17,"minecraft:damage_dealt":307,"minecraft:swim_one_cm":13579,"minecraft:interact_with_crafting_table":9,"minecraft:fly_one_cm":14019,"minecraft:play_time":14537,"minecraft:deaths":1,"minecraft:sneak_time":59,"minecraft:walk_under_water_one_cm":13802,"minecraft:jump":175,"minecraft:leave_game":8,"minecraft:time_since_death":6845,"minecraft:walk_on_water_one_cm":5155,"minecraft:climb_one_cm":1947,"minecraft:total_world_time":14537,"minecraft:fall_one_cm":3938},"minecraft:killed":{"minecraft:zombie":1,"betteranimalsplus:deer":1},"minecraft:crafted":{"regions_unexplored:pine_planks":68,"minecraft:crafting_table":1,"minecraft:stick":12,"minecraft:wooden_pickaxe":1,"minecraft:stone_pickaxe":1,"minecraft:wooden_axe":1,"minecraft:torch":4,"minecraft:stone_axe":1},"minecraft:mined":{"minecraft:sweet_berry_bush":4,"regions_unexplored:cattail":2,"minecraft:crafting_table":2,"minecraft:grass":5,"minecraft:grass_block":1,"minecraft:coal_ore":15,"minecraft:dirt":8,"minecraft:copper_ore":1,"regions_unexplored:medium_grass":2,"minecraft:stone":34,"regions_unexplored:dead_log":8,"minecraft:sugar_cane":2,"regions_unexplored:pine_log":132},"minecraft:picked_up":{"minecraft:stick":5,"minecraft:crafting_table":2,"minecraft:sweet_berries":10,"regions_unexplored:pine_sapling":8,"betteranimalsplus:venisonraw":1,"regions_unexplored:dead_log":7,"regions_unexplored:cattail":2,"minecraft:dirt":9,"minecraft:raw_copper":5,"regions_unexplored:dead_pine_sapling":1,"minecraft:apple":2,"minecraft:wheat_seeds":1,"regions_unexplored:pine_log":127,"betteranimalsplus:antler":2,"minecraft:sugar_cane":3,"minecraft:coal":15,"minecraft:cobblestone":34},"minecraft:dropped":{"byg:biomepedia":1,"regions_unexplored:cattail":1,"minecraft:sugar_cane":3,"regions_unexplored:dead_pine_sapling":1,"betteranimalsplus:antler":2,"regions_unexplored:dead_log":7,"minecraft:wooden_pickaxe":1,"regions_unexplored:pine_sapling":6},"minecraft:killed_by":{"betteranimalsplus:lamprey":1},"minecraft:used":{"minecraft:wooden_axe":62,"minecraft:stone_pickaxe":39,"minecraft:wooden_pickaxe":16,"minecraft:stone_axe":82,"minecraft:dirt":5,"regions_unexplored:cattail":1,"minecraft:sweet_berries":10,"minecraft:crafting_table":2,"betteranimalsplus:venisonraw":1}},"DataVersion":3120}