{"stats":{"minecraft:custom":{"minecraft:jump":11,"minecraft:time_since_rest":2537,"minecraft:sprint_one_cm":1273,"minecraft:leave_game":8,"minecraft:play_time":2537,"minecraft:time_since_death":2537,"minecraft:walk_one_cm":1026,"minecraft:total_world_time":2537,"minecraft:interact_with_crafting_table":3,"minecraft:fall_one_cm":211,"minecraft:drop":1,"minecraft:fly_one_cm":1492},"minecraft:crafted":{"regions_unexplored:pine_planks":24},"minecraft:mined":{"regions_unexplored:pine_log":7},"minecraft:picked_up":{"regions_unexplored:pine_log":6},"minecraft:dropped":{"byg:biomepedia":1}},"DataVersion":3120}