{"stats":{"minecraft:broken":{"minecraft:stone_pickaxe":1,"minecraft:iron_pickaxe":1,"minecraft:wooden_axe":1},"minecraft:custom":{"minecraft:interact_with_furnace":10,"minecraft:mob_kills":40,"minecraft:play_record":6,"minecraft:interact_with_crafting_table":41,"minecraft:leave_game":8,"minecraft:time_since_death":90845,"minecraft:climb_one_cm":1947,"minecraft:time_since_rest":90891,"minecraft:sprint_one_cm":46899,"minecraft:damage_taken":693,"minecraft:walk_one_cm":135080,"minecraft:drop":33,"minecraft:damage_dealt":7951,"minecraft:open_chest":31,"minecraft:swim_one_cm":21152,"minecraft:fly_one_cm":42843,"minecraft:crouch_one_cm":17523,"minecraft:play_time":98537,"minecraft:deaths":1,"minecraft:sneak_time":11903,"minecraft:walk_under_water_one_cm":28949,"minecraft:jump":833,"minecraft:walk_on_water_one_cm":19450,"minecraft:total_world_time":98537,"minecraft:fall_one_cm":13587},"minecraft:crafted":{"minecraft:jukebox":1,"minecraft:diamond_axe":1,"minecraft:crafting_table":4,"minecraft:wooden_pickaxe":2,"minecraft:furnace":1,"minecraft:stone_axe":1,"minecraft:air":0,"minecraft:bow":1,"minecraft:diamond_helmet":1,"regions_unexplored:pine_planks":236,"minecraft:diamond_leggings":1,"minecraft:diamond_pickaxe":1,"minecraft:shield":1,"minecraft:iron_axe":1,"minecraft:stick":28,"minecraft:diamond_boots":1,"minecraft:iron_ingot":22,"minecraft:iron_pickaxe":1,"minecraft:stone_pickaxe":2,"minecraft:wooden_axe":1,"minecraft:torch":24,"minecraft:diamond_chestplate":1},"minecraft:killed":{"graveyard:ghoul":1,"graveyard:revenant":1,"minecraft:spider":8,"minecraft:creeper":1,"minecraft:zombie":27,"betteranimalsplus:deer":1,"minecraft:drowned":1},"minecraft:picked_up":{"minecraft:crafting_table":8,"gobber2:gobber2_rod":1,"minecraft:andesite":8,"gobber2:gobber2_gooey_beefstew":1,"minecraft:potato":1,"betteranimalsplus:venisonraw":1,"minecraft:flint":3,"minecraft:tuff":9,"regions_unexplored:dead_log":7,"minecraft:gunpowder":5,"minecraft:string":15,"minecraft:dirt":16,"minecraft:raw_copper":5,"minecraft:apple":2,"graveyard:corruption":1,"gobber2:gobber2_gooey_beef":2,"minecraft:raw_gold":16,"minecraft:wheat_seeds":1,"regions_unexplored:pine_log":127,"minecraft:cobbled_deepslate":510,"betteranimalsplus:antler":2,"minecraft:sugar_cane":3,"minecraft:chest":1,"gobber2:gobber2_gooey_bread":4,"minecraft:furnace":1,"minecraft:stick":6,"minecraft:raw_iron":22,"minecraft:jukebox":1,"minecraft:music_disc_13":6,"minecraft:sweet_berries":10,"regions_unexplored:pine_sapling":8,"minecraft:torch":8,"regions_unexplored:pine_planks":58,"minecraft:gravel":19,"minecraft:diorite":39,"minecraft:redstone":4,"minecraft:mossy_cobblestone":29,"minecraft:spider_eye":6,"regions_unexplored:dead_pine_sapling":1,"regions_unexplored:cattail":2,"gobber2:gobber2_foo":10,"minecraft:rotten_flesh":28,"minecraft:diamond":52,"minecraft:granite":46,"minecraft:obsidian":16,"minecraft:melon_seeds":3,"minecraft:coal":19,"minecraft:cobblestone":217,"minecraft:diamond_pickaxe":1},"minecraft:mined":{"minecraft:deepslate_redstone_ore":1,"minecraft:diamond_ore":5,"minecraft:tuff":9,"minecraft:mossy_cobblestone":35,"minecraft:deepslate_diamond_ore":47,"minecraft:obsidian":17,"minecraft:crafting_table":8,"minecraft:torch":5,"regions_unexplored:cattail":2,"minecraft:granite":46,"minecraft:grass_block":2,"minecraft:chest":1,"gobber2:gobber2_lucky_block":3,"minecraft:copper_ore":1,"minecraft:cobblestone":86,"minecraft:deepslate_gold_ore":10,"regions_unexplored:dead_log":8,"minecraft:sugar_cane":2,"minecraft:diorite":40,"minecraft:wall_torch":2,"regions_unexplored:pine_log":132,"minecraft:cobbled_deepslate":10,"minecraft:furnace":1,"minecraft:iron_ore":22,"minecraft:sweet_berry_bush":4,"minecraft:jukebox":1,"minecraft:andesite":8,"gobber2:gobber2_lucky_block_deepslate":9,"minecraft:grass":6,"minecraft:coal_ore":19,"minecraft:gravel":23,"minecraft:dirt":14,"regions_unexplored:medium_grass":3,"minecraft:stone":129,"minecraft:gold_ore":6,"minecraft:deepslate":468},"minecraft:dropped":{"byg:biomepedia":1,"minecraft:sugar_cane":3,"regions_unexplored:pine_planks":58,"gobber2:gobber2_foo":4,"minecraft:cobbled_deepslate":30,"minecraft:cobblestone":7,"regions_unexplored:pine_sapling":8,"minecraft:flint":1,"regions_unexplored:cattail":1,"regions_unexplored:dead_pine_sapling":1,"minecraft:diamond_pickaxe":1,"betteranimalsplus:antler":2,"minecraft:spider_eye":4,"minecraft:wooden_pickaxe":1,"regions_unexplored:dead_log":7},"minecraft:killed_by":{"betteranimalsplus:lamprey":1},"minecraft:used":{"regions_unexplored:pine_planks":2,"minecraft:water_bucket":1,"minecraft:diorite":30,"minecraft:stone_pickaxe":159,"gobber2:gobber2_gooey_bread":2,"minecraft:chest":1,"minecraft:wooden_pickaxe":24,"minecraft:diamond_axe":1,"minecraft:rotten_flesh":2,"minecraft:torch":26,"minecraft:mossy_cobblestone":19,"minecraft:dirt":12,"minecraft:crafting_table":10,"minecraft:tuff":6,"minecraft:music_disc_13":6,"minecraft:wooden_axe":62,"minecraft:diamond_pickaxe":621,"minecraft:iron_axe":94,"minecraft:bread":1,"minecraft:iron_pickaxe":245,"minecraft:gravel":18,"minecraft:stone_axe":82,"gobber2:gobber2_gooey_beef":1,"minecraft:cobblestone":77,"regions_unexplored:cattail":1,"minecraft:sweet_berries":10,"minecraft:furnace":2,"minecraft:bucket":2,"minecraft:potato":1,"minecraft:cobbled_deepslate":69,"minecraft:jukebox":1,"betteranimalsplus:venisonraw":1}},"DataVersion":3120}