{"stats":{"minecraft:broken":{"minecraft:stone_pickaxe":1,"minecraft:wooden_axe":1},"minecraft:custom":{"minecraft:interact_with_furnace":10,"minecraft:mob_kills":30,"minecraft:interact_with_crafting_table":22,"minecraft:leave_game":8,"minecraft:time_since_death":42845,"minecraft:climb_one_cm":1947,"minecraft:time_since_rest":42891,"minecraft:sprint_one_cm":26319,"minecraft:damage_taken":510,"minecraft:walk_one_cm":64198,"minecraft:drop":22,"minecraft:damage_dealt":5769,"minecraft:open_chest":14,"minecraft:swim_one_cm":13646,"minecraft:fly_one_cm":18049,"minecraft:crouch_one_cm":4031,"minecraft:play_time":50537,"minecraft:deaths":1,"minecraft:sneak_time":3864,"minecraft:walk_under_water_one_cm":17979,"minecraft:jump":352,"minecraft:walk_on_water_one_cm":11569,"minecraft:total_world_time":50537,"minecraft:fall_one_cm":5559},"minecraft:killed":{"minecraft:spider":8,"minecraft:creeper":1,"minecraft:zombie":19,"betteranimalsplus:deer":1,"minecraft:drowned":1},"minecraft:crafted":{"minecraft:crafting_table":3,"minecraft:wooden_pickaxe":2,"minecraft:furnace":1,"minecraft:stone_axe":1,"minecraft:air":0,"regions_unexplored:pine_planks":236,"minecraft:diamond_leggings":1,"minecraft:diamond_pickaxe":1,"minecraft:iron_axe":1,"minecraft:stick":20,"minecraft:diamond_boots":1,"minecraft:iron_ingot":22,"minecraft:iron_pickaxe":1,"minecraft:stone_pickaxe":2,"minecraft:wooden_axe":1,"minecraft:torch":24},"minecraft:mined":{"minecraft:diamond_ore":5,"minecraft:tuff":3,"minecraft:deepslate_diamond_ore":17,"minecraft:crafting_table":7,"minecraft:torch":2,"regions_unexplored:cattail":2,"minecraft:granite":46,"minecraft:grass_block":2,"gobber2:gobber2_lucky_block":3,"minecraft:copper_ore":1,"minecraft:cobblestone":12,"minecraft:deepslate_gold_ore":4,"regions_unexplored:dead_log":8,"minecraft:sugar_cane":2,"minecraft:diorite":22,"minecraft:wall_torch":1,"regions_unexplored:pine_log":132,"minecraft:furnace":1,"minecraft:iron_ore":22,"minecraft:sweet_berry_bush":4,"minecraft:andesite":8,"gobber2:gobber2_lucky_block_deepslate":7,"minecraft:grass":5,"minecraft:coal_ore":19,"minecraft:gravel":8,"minecraft:dirt":14,"regions_unexplored:medium_grass":2,"minecraft:stone":120,"minecraft:gold_ore":6,"minecraft:deepslate":122},"minecraft:picked_up":{"minecraft:crafting_table":7,"gobber2:gobber2_rod":1,"minecraft:andesite":8,"gobber2:gobber2_gooey_beefstew":1,"betteranimalsplus:venisonraw":1,"minecraft:flint":1,"minecraft:tuff":3,"regions_unexplored:dead_log":7,"minecraft:gunpowder":2,"minecraft:string":6,"minecraft:dirt":16,"minecraft:raw_copper":5,"minecraft:apple":2,"minecraft:raw_gold":10,"minecraft:wheat_seeds":1,"regions_unexplored:pine_log":127,"minecraft:cobbled_deepslate":123,"betteranimalsplus:antler":2,"minecraft:sugar_cane":3,"gobber2:gobber2_gooey_bread":4,"minecraft:furnace":1,"minecraft:stick":5,"minecraft:raw_iron":22,"minecraft:sweet_berries":10,"regions_unexplored:pine_sapling":8,"minecraft:torch":3,"minecraft:gravel":7,"minecraft:diorite":21,"minecraft:spider_eye":2,"regions_unexplored:dead_pine_sapling":1,"regions_unexplored:cattail":2,"gobber2:gobber2_foo":7,"minecraft:rotten_flesh":16,"minecraft:diamond":22,"minecraft:granite":46,"minecraft:coal":19,"minecraft:cobblestone":132,"minecraft:diamond_pickaxe":1},"minecraft:dropped":{"byg:biomepedia":1,"minecraft:sugar_cane":3,"gobber2:gobber2_foo":4,"regions_unexplored:pine_sapling":6,"regions_unexplored:cattail":1,"regions_unexplored:dead_pine_sapling":1,"minecraft:diamond_pickaxe":1,"betteranimalsplus:antler":2,"minecraft:wooden_pickaxe":1,"regions_unexplored:dead_log":7},"minecraft:killed_by":{"betteranimalsplus:lamprey":1},"minecraft:used":{"minecraft:stone_pickaxe":159,"gobber2:gobber2_gooey_bread":2,"minecraft:wooden_pickaxe":24,"minecraft:torch":18,"minecraft:dirt":6,"minecraft:crafting_table":9,"minecraft:wooden_axe":62,"minecraft:diamond_pickaxe":263,"minecraft:iron_axe":61,"minecraft:iron_pickaxe":33,"minecraft:stone_axe":82,"minecraft:cobblestone":12,"regions_unexplored:cattail":1,"minecraft:sweet_berries":10,"minecraft:furnace":2,"betteranimalsplus:venisonraw":1}},"DataVersion":3120}