{"stats":{"minecraft:broken":{"minecraft:wooden_axe":1},"minecraft:custom":{"minecraft:interact_with_furnace":7,"minecraft:mob_kills":3,"minecraft:interact_with_crafting_table":20,"minecraft:leave_game":8,"minecraft:time_since_death":30845,"minecraft:climb_one_cm":1947,"minecraft:time_since_rest":30891,"minecraft:sprint_one_cm":13623,"minecraft:damage_taken":400,"minecraft:walk_one_cm":41424,"minecraft:drop":20,"minecraft:damage_dealt":849,"minecraft:open_chest":4,"minecraft:swim_one_cm":13579,"minecraft:fly_one_cm":14098,"minecraft:crouch_one_cm":1873,"minecraft:play_time":38537,"minecraft:deaths":1,"minecraft:sneak_time":1818,"minecraft:walk_under_water_one_cm":13802,"minecraft:jump":236,"minecraft:walk_on_water_one_cm":5155,"minecraft:total_world_time":38537,"minecraft:fall_one_cm":3938},"minecraft:killed":{"minecraft:zombie":2,"betteranimalsplus:deer":1},"minecraft:crafted":{"minecraft:crafting_table":2,"minecraft:wooden_pickaxe":2,"minecraft:furnace":1,"minecraft:stone_axe":1,"minecraft:air":0,"regions_unexplored:pine_planks":236,"minecraft:diamond_leggings":1,"minecraft:diamond_pickaxe":1,"minecraft:stick":16,"minecraft:diamond_boots":1,"minecraft:iron_ingot":22,"minecraft:iron_pickaxe":1,"minecraft:stone_pickaxe":2,"minecraft:wooden_axe":1,"minecraft:torch":8},"minecraft:mined":{"minecraft:diamond_ore":5,"minecraft:deepslate_diamond_ore":11,"minecraft:crafting_table":7,"minecraft:torch":2,"regions_unexplored:cattail":2,"minecraft:granite":22,"minecraft:grass_block":2,"minecraft:copper_ore":1,"minecraft:cobblestone":4,"regions_unexplored:dead_log":8,"minecraft:sugar_cane":2,"minecraft:diorite":1,"regions_unexplored:pine_log":132,"minecraft:furnace":1,"minecraft:iron_ore":22,"minecraft:sweet_berry_bush":4,"minecraft:andesite":8,"gobber2:gobber2_lucky_block_deepslate":6,"minecraft:grass":5,"minecraft:coal_ore":19,"minecraft:gravel":8,"minecraft:dirt":14,"regions_unexplored:medium_grass":2,"minecraft:stone":120,"minecraft:gold_ore":6,"minecraft:deepslate":114},"minecraft:picked_up":{"minecraft:crafting_table":7,"minecraft:andesite":8,"gobber2:gobber2_gooey_beefstew":1,"betteranimalsplus:venisonraw":1,"minecraft:flint":1,"regions_unexplored:dead_log":7,"minecraft:dirt":16,"minecraft:raw_copper":5,"minecraft:apple":2,"minecraft:raw_gold":6,"minecraft:wheat_seeds":1,"regions_unexplored:pine_log":127,"minecraft:cobbled_deepslate":113,"betteranimalsplus:antler":2,"minecraft:sugar_cane":3,"gobber2:gobber2_gooey_bread":3,"minecraft:furnace":1,"minecraft:stick":5,"minecraft:raw_iron":22,"minecraft:sweet_berries":10,"regions_unexplored:pine_sapling":8,"minecraft:torch":2,"minecraft:gravel":7,"minecraft:diorite":1,"regions_unexplored:dead_pine_sapling":1,"regions_unexplored:cattail":2,"gobber2:gobber2_foo":2,"minecraft:diamond":16,"minecraft:granite":22,"minecraft:coal":19,"minecraft:cobblestone":124,"minecraft:diamond_pickaxe":1},"minecraft:dropped":{"byg:biomepedia":1,"minecraft:sugar_cane":3,"gobber2:gobber2_foo":2,"regions_unexplored:pine_sapling":6,"regions_unexplored:cattail":1,"regions_unexplored:dead_pine_sapling":1,"minecraft:diamond_pickaxe":1,"betteranimalsplus:antler":2,"minecraft:wooden_pickaxe":1,"regions_unexplored:dead_log":7},"minecraft:killed_by":{"betteranimalsplus:lamprey":1},"minecraft:used":{"minecraft:stone_pickaxe":148,"gobber2:gobber2_gooey_bread":1,"minecraft:wooden_pickaxe":24,"minecraft:torch":6,"minecraft:dirt":5,"minecraft:crafting_table":7,"minecraft:wooden_axe":62,"minecraft:diamond_pickaxe":179,"minecraft:iron_pickaxe":28,"minecraft:stone_axe":82,"minecraft:cobblestone":6,"regions_unexplored:cattail":1,"minecraft:sweet_berries":10,"minecraft:furnace":1,"betteranimalsplus:venisonraw":1}},"DataVersion":3120}