{"stats":{"minecraft:broken":{"minecraft:stone_pickaxe":1,"minecraft:iron_axe":1,"minecraft:iron_pickaxe":1,"minecraft:wooden_axe":1},"minecraft:custom":{"minecraft:mob_kills":151,"minecraft:interact_with_crafting_table":51,"minecraft:open_barrel":1,"minecraft:leave_game":9,"minecraft:time_since_death":173304,"minecraft:climb_one_cm":4886,"minecraft:sprint_one_cm":248852,"minecraft:walk_one_cm":331726,"minecraft:damage_blocked_by_shield":1510,"minecraft:drop":70,"minecraft:play_time":180996,"minecraft:deaths":1,"minecraft:sneak_time":15408,"minecraft:walk_under_water_one_cm":52615,"minecraft:boat_one_cm":223645,"minecraft:jump":2186,"minecraft:interact_with_blast_furnace":4,"minecraft:walk_on_water_one_cm":56878,"minecraft:total_world_time":180996,"minecraft:interact_with_furnace":10,"minecraft:play_record":6,"minecraft:interact_with_loom":1,"minecraft:interact_with_stonecutter":1,"minecraft:time_since_rest":173350,"minecraft:damage_taken":2824,"minecraft:damage_dealt":28915,"minecraft:swim_one_cm":88237,"minecraft:fly_one_cm":245977,"minecraft:open_chest":72,"minecraft:crouch_one_cm":23246,"minecraft:interact_with_smoker":11,"minecraft:inspect_dispenser":5,"minecraft:fall_one_cm":46245},"minecraft:killed":{"graveyard:revenant":2,"minecraft:spider":8,"minecraft:cod":4,"naturalist:bass":3,"betteranimalsplus:deer":1,"minecraft:drowned":1,"minecraft:wolf":1,"betteranimalsplus:lamprey":1,"graveyard:ghoul":1,"minecraft:salmon":3,"minecraft:creeper":1,"betteranimalsplus:eel_freshwater":1,"naturalist:alligator":2,"minecraft:pillager":92,"minecraft:zombie":29,"betteranimalsplus:horseshoecrab":1},"minecraft:crafted":{"minecraft:oak_planks":8,"minecraft:jukebox":1,"minecraft:furnace":1,"minecraft:diamond_shovel":1,"minecraft:cooked_mutton":1,"minecraft:bow":1,"minecraft:diamond_helmet":1,"minecraft:diamond_leggings":1,"minecraft:iron_axe":1,"byg:maple_boat":1,"minecraft:stone_pickaxe":2,"minecraft:diamond_boots":1,"minecraft:dark_oak_planks":4,"minecraft:wheat":9,"minecraft:cooked_porkchop":1,"minecraft:diamond_axe":1,"minecraft:crafting_table":8,"minecraft:wooden_pickaxe":2,"minecraft:baked_potato":12,"minecraft:stone_axe":1,"minecraft:bread":9,"minecraft:air":0,"byg:palm_planks":52,"regions_unexplored:pine_planks":236,"minecraft:diamond_pickaxe":1,"minecraft:shield":1,"minecraft:stick":32,"minecraft:iron_ingot":22,"byg:maple_planks":28,"minecraft:iron_pickaxe":1,"minecraft:wooden_axe":1,"minecraft:torch":24,"minecraft:diamond_chestplate":1},"minecraft:mined":{"byg:maple_log":63,"minecraft:diamond_ore":5,"minecraft:tuff":9,"minecraft:mossy_cobblestone":37,"minecraft:deepslate_diamond_ore":47,"minecraft:cobblestone_stairs":1,"minecraft:obsidian":22,"regions_unexplored:cattail":2,"minecraft:granite":46,"minecraft:grass_block":9,"minecraft:spruce_fence":2,"gobber2:gobber2_lucky_block":5,"regions_unexplored:pine_planks":4,"regions_unexplored:dead_log":8,"minecraft:hopper":4,"minecraft:hay_block":1,"regions_unexplored:stone_bud":1,"minecraft:furnace":1,"minecraft:iron_ore":22,"minecraft:cobbled_deepslate":13,"regions_unexplored:mossy_stone":3,"minecraft:andesite":8,"minecraft:vine":2,"regions_unexplored:medium_grass":4,"minecraft:stone":155,"minecraft:spruce_slab":1,"minecraft:deepslate_redstone_ore":1,"minecraft:scaffolding":1,"regions_unexplored:duckweed":2,"minecraft:crafting_table":8,"minecraft:torch":6,"minecraft:chest":1,"minecraft:campfire":1,"minecraft:lectern":1,"minecraft:copper_ore":2,"minecraft:cobblestone":91,"minecraft:deepslate_gold_ore":10,"minecraft:sugar_cane":2,"minecraft:diorite":40,"minecraft:iron_door":1,"minecraft:wall_torch":2,"regions_unexplored:pine_log":132,"minecraft:stone_stairs":3,"byg:palm_log":74,"minecraft:sweet_berry_bush":4,"minecraft:spruce_log":1,"minecraft:jukebox":1,"minecraft:tnt":1,"byg:red_maple_leaves":1,"gobber2:gobber2_lucky_block_deepslate":9,"minecraft:white_wall_banner":3,"minecraft:smooth_stone_slab":10,"minecraft:grass":20,"minecraft:oak_log":2,"minecraft:coal_ore":19,"minecraft:gravel":23,"minecraft:sand":9,"minecraft:dirt":20,"minecraft:gold_ore":6,"minecraft:deepslate":468,"minecraft:fern":3},"minecraft:picked_up":{"minecraft:charcoal":2,"minecraft:wheat":1,"minecraft:crafting_table":8,"gobber2:gobber2_rod":1,"minecraft:brown_mushroom":1,"betteranimalsplus:venisonraw":1,"regions_unexplored:dead_log":7,"minecraft:string":15,"minecraft:raw_copper":9,"minecraft:smooth_stone_slab":6,"graveyard:corruption":1,"regions_unexplored:pine_log":127,"minecraft:cobbled_deepslate":513,"minecraft:spruce_planks":2,"minecraft:lectern":1,"minecraft:sugar_cane":3,"minecraft:chest":1,"minecraft:furnace":1,"minecraft:stick":6,"minecraft:raw_iron":22,"minecraft:jukebox":1,"minecraft:torch":9,"minecraft:spruce_fence":6,"minecraft:diorite":39,"minecraft:redstone":4,"regions_unexplored:mossy_stone":3,"regions_unexplored:dead_pine_sapling":1,"minecraft:tnt":1,"gobber2:gobber2_foo":10,"minecraft:rotten_flesh":28,"minecraft:hay_block":1,"byg:palm_log":13,"minecraft:obsidian":21,"minecraft:cod":4,"minecraft:cobblestone":246,"betteranimalsplus:wolf_pelt_snowy":2,"minecraft:salmon":3,"minecraft:iron_door":1,"minecraft:andesite":8,"gobber2:gobber2_gooey_beefstew":2,"minecraft:potato":1,"minecraft:flint":3,"minecraft:tuff":9,"minecraft:oak_log":2,"minecraft:gunpowder":5,"minecraft:cobblestone_stairs":2,"minecraft:dirt":16,"minecraft:lantern":1,"minecraft:white_banner":12,"naturalist:bass":3,"minecraft:apple":2,"minecraft:kelp":4,"gobber2:gobber2_gooey_beef":3,"minecraft:wheat_seeds":3,"minecraft:raw_gold":16,"betteranimalsplus:antler":2,"regions_unexplored:pine_boat":2,"gobber2:gobber2_gooey_bread":4,"byg:maple_log":7,"minecraft:music_disc_13":6,"minecraft:sweet_berries":10,"regions_unexplored:pine_sapling":8,"regions_unexplored:pine_planks":59,"minecraft:gravel":19,"minecraft:sand":9,"minecraft:spruce_sapling":2,"minecraft:spider_eye":12,"minecraft:mossy_cobblestone":31,"regions_unexplored:cattail":2,"betteranimalsplus:eel_meat_raw":2,"minecraft:diamond":52,"minecraft:spruce_boat":1,"minecraft:writable_book":1,"minecraft:crossbow":3,"minecraft:granite":46,"minecraft:melon_seeds":3,"minecraft:coal":19,"minecraft:hopper":4,"minecraft:diamond_pickaxe":2},"minecraft:dropped":{"byg:biomepedia":1,"minecraft:brown_mushroom":1,"minecraft:wheat_seeds":2,"gobber2:gobber2_foo":4,"minecraft:glass_bottle":1,"minecraft:crossbow":1,"minecraft:cobblestone":7,"minecraft:lantern":1,"regions_unexplored:pine_sapling":8,"minecraft:flint":2,"minecraft:cobblestone_stairs":2,"byg:maple_planks":5,"regions_unexplored:dead_pine_sapling":1,"regions_unexplored:dead_log":7,"minecraft:spruce_sapling":1,"minecraft:redstone":4,"minecraft:gravel":1,"minecraft:kelp":4,"minecraft:sugar_cane":3,"regions_unexplored:pine_planks":59,"minecraft:cobbled_deepslate":30,"minecraft:bowl":1,"minecraft:wheat":3,"minecraft:oak_planks":4,"minecraft:spruce_fence":6,"regions_unexplored:cattail":1,"minecraft:gunpowder":2,"minecraft:diamond_pickaxe":2,"betteranimalsplus:wolf_pelt_snowy":2,"betteranimalsplus:antler":2,"minecraft:spider_eye":10,"minecraft:wooden_pickaxe":1},"minecraft:killed_by":{"betteranimalsplus:lamprey":1},"minecraft:used":{"regions_unexplored:pine_planks":2,"gobber2:gobber2_gooey_bread":2,"minecraft:chest":1,"minecraft:shield":54,"minecraft:cooked_salmon":2,"byg:maple_planks":18,"minecraft:rotten_flesh":18,"minecraft:torch":28,"minecraft:dirt":12,"minecraft:mutton":2,"minecraft:tuff":6,"minecraft:music_disc_13":6,"minecraft:wooden_axe":62,"minecraft:iron_axe":165,"gobber2:gobber2_gooey_beef":3,"minecraft:bow":18,"minecraft:sweet_berries":10,"minecraft:furnace":2,"minecraft:cooked_cod":2,"minecraft:potato":1,"minecraft:cobbled_deepslate":142,"betteranimalsplus:venisonraw":1,"naturalist:bass":3,"minecraft:cooked_mutton":1,"minecraft:water_bucket":3,"minecraft:diorite":30,"minecraft:baked_potato":12,"minecraft:stone_pickaxe":159,"minecraft:wooden_pickaxe":24,"minecraft:diamond_axe":355,"minecraft:salmon":2,"minecraft:mossy_cobblestone":31,"minecraft:tnt":5,"minecraft:crafting_table":14,"minecraft:crossbow":6,"minecraft:cod":4,"minecraft:diamond_pickaxe":688,"gobber2:gobber2_gooey_beefstew":1,"minecraft:diamond_shovel":23,"regions_unexplored:pine_boat":1,"minecraft:bread":10,"minecraft:iron_pickaxe":245,"minecraft:gravel":18,"minecraft:stone_axe":82,"betteranimalsplus:eel_meat_raw":1,"regions_unexplored:cattail":1,"minecraft:cobblestone":77,"minecraft:potion":1,"minecraft:cooked_porkchop":1,"minecraft:bucket":4,"byg:palm_planks":42,"byg:maple_boat":1,"minecraft:jukebox":1,"minecraft:experience_bottle":1}},"DataVersion":3120}