{"stats":{"minecraft:broken":{"minecraft:wooden_axe":1},"minecraft:custom":{"minecraft:interact_with_furnace":7,"minecraft:mob_kills":2,"minecraft:interact_with_crafting_table":17,"minecraft:leave_game":8,"minecraft:time_since_death":18845,"minecraft:climb_one_cm":1947,"minecraft:time_since_rest":18891,"minecraft:sprint_one_cm":13209,"minecraft:damage_taken":365,"minecraft:walk_one_cm":25041,"minecraft:drop":17,"minecraft:damage_dealt":307,"minecraft:swim_one_cm":13579,"minecraft:fly_one_cm":14019,"minecraft:crouch_one_cm":1200,"minecraft:play_time":26537,"minecraft:deaths":1,"minecraft:sneak_time":1122,"minecraft:walk_under_water_one_cm":13802,"minecraft:jump":179,"minecraft:walk_on_water_one_cm":5155,"minecraft:total_world_time":26537,"minecraft:fall_one_cm":3938},"minecraft:killed":{"minecraft:zombie":1,"betteranimalsplus:deer":1},"minecraft:crafted":{"minecraft:crafting_table":2,"minecraft:wooden_pickaxe":2,"minecraft:furnace":1,"minecraft:stone_axe":1,"minecraft:air":0,"regions_unexplored:pine_planks":236,"minecraft:stick":12,"minecraft:iron_ingot":22,"minecraft:iron_pickaxe":1,"minecraft:stone_pickaxe":2,"minecraft:wooden_axe":1,"minecraft:torch":8},"minecraft:mined":{"minecraft:crafting_table":5,"minecraft:torch":1,"regions_unexplored:cattail":2,"minecraft:grass_block":2,"minecraft:copper_ore":1,"regions_unexplored:dead_log":8,"minecraft:sugar_cane":2,"minecraft:diorite":1,"regions_unexplored:pine_log":132,"minecraft:furnace":1,"minecraft:iron_ore":22,"minecraft:sweet_berry_bush":4,"minecraft:andesite":6,"minecraft:grass":5,"minecraft:coal_ore":19,"minecraft:gravel":8,"minecraft:dirt":14,"regions_unexplored:medium_grass":2,"minecraft:stone":106},"minecraft:picked_up":{"minecraft:crafting_table":5,"minecraft:andesite":6,"betteranimalsplus:venisonraw":1,"minecraft:flint":1,"regions_unexplored:dead_log":7,"minecraft:dirt":16,"minecraft:raw_copper":5,"minecraft:apple":2,"minecraft:wheat_seeds":1,"regions_unexplored:pine_log":127,"betteranimalsplus:antler":2,"minecraft:sugar_cane":3,"minecraft:furnace":1,"minecraft:stick":5,"minecraft:raw_iron":22,"minecraft:sweet_berries":10,"regions_unexplored:pine_sapling":8,"minecraft:torch":1,"minecraft:gravel":7,"minecraft:diorite":1,"regions_unexplored:dead_pine_sapling":1,"regions_unexplored:cattail":2,"minecraft:coal":19,"minecraft:cobblestone":106},"minecraft:dropped":{"byg:biomepedia":1,"minecraft:sugar_cane":3,"regions_unexplored:pine_sapling":6,"regions_unexplored:cattail":1,"regions_unexplored:dead_pine_sapling":1,"betteranimalsplus:antler":2,"minecraft:wooden_pickaxe":1,"regions_unexplored:dead_log":7},"minecraft:killed_by":{"betteranimalsplus:lamprey":1},"minecraft:used":{"minecraft:stone_pickaxe":146,"minecraft:wooden_pickaxe":23,"minecraft:torch":1,"minecraft:dirt":5,"minecraft:crafting_table":5,"minecraft:wooden_axe":62,"minecraft:iron_pickaxe":11,"minecraft:stone_axe":82,"regions_unexplored:cattail":1,"minecraft:sweet_berries":10,"minecraft:furnace":1,"betteranimalsplus:venisonraw":1}},"DataVersion":3120}