{"stats":{"minecraft:broken":{"minecraft:stone_pickaxe":1,"minecraft:wooden_axe":1},"minecraft:custom":{"minecraft:interact_with_furnace":10,"minecraft:mob_kills":36,"minecraft:interact_with_crafting_table":23,"minecraft:leave_game":8,"minecraft:time_since_death":54845,"minecraft:climb_one_cm":1947,"minecraft:time_since_rest":54891,"minecraft:sprint_one_cm":29911,"minecraft:damage_taken":570,"minecraft:walk_one_cm":82285,"minecraft:drop":24,"minecraft:damage_dealt":7010,"minecraft:open_chest":14,"minecraft:swim_one_cm":13646,"minecraft:fly_one_cm":20292,"minecraft:crouch_one_cm":6156,"minecraft:play_time":62537,"minecraft:deaths":1,"minecraft:sneak_time":4594,"minecraft:walk_under_water_one_cm":18768,"minecraft:jump":466,"minecraft:walk_on_water_one_cm":12088,"minecraft:total_world_time":62537,"minecraft:fall_one_cm":7357},"minecraft:killed":{"minecraft:spider":8,"minecraft:creeper":1,"minecraft:zombie":25,"betteranimalsplus:deer":1,"minecraft:drowned":1},"minecraft:crafted":{"minecraft:crafting_table":3,"minecraft:wooden_pickaxe":2,"minecraft:furnace":1,"minecraft:stone_axe":1,"minecraft:air":0,"regions_unexplored:pine_planks":236,"minecraft:diamond_leggings":1,"minecraft:diamond_pickaxe":1,"minecraft:iron_axe":1,"minecraft:stick":20,"minecraft:diamond_boots":1,"minecraft:iron_ingot":22,"minecraft:iron_pickaxe":1,"minecraft:stone_pickaxe":2,"minecraft:wooden_axe":1,"minecraft:torch":24,"minecraft:diamond_chestplate":1},"minecraft:mined":{"minecraft:diamond_ore":5,"minecraft:tuff":3,"minecraft:deepslate_diamond_ore":41,"minecraft:crafting_table":7,"minecraft:torch":3,"regions_unexplored:cattail":2,"minecraft:granite":46,"minecraft:grass_block":2,"gobber2:gobber2_lucky_block":3,"minecraft:copper_ore":1,"minecraft:cobblestone":12,"minecraft:deepslate_gold_ore":4,"regions_unexplored:dead_log":8,"minecraft:sugar_cane":2,"minecraft:diorite":32,"minecraft:wall_torch":2,"regions_unexplored:pine_log":132,"minecraft:furnace":1,"minecraft:iron_ore":22,"minecraft:sweet_berry_bush":4,"minecraft:andesite":8,"gobber2:gobber2_lucky_block_deepslate":8,"minecraft:grass":5,"minecraft:coal_ore":19,"minecraft:gravel":12,"minecraft:dirt":14,"regions_unexplored:medium_grass":2,"minecraft:stone":120,"minecraft:gold_ore":6,"minecraft:deepslate":196},"minecraft:picked_up":{"minecraft:crafting_table":7,"gobber2:gobber2_rod":1,"minecraft:andesite":8,"gobber2:gobber2_gooey_beefstew":1,"betteranimalsplus:venisonraw":1,"minecraft:flint":2,"minecraft:tuff":3,"regions_unexplored:dead_log":7,"minecraft:gunpowder":2,"minecraft:string":6,"minecraft:dirt":16,"minecraft:raw_copper":5,"minecraft:apple":2,"gobber2:gobber2_gooey_beef":1,"minecraft:raw_gold":10,"minecraft:wheat_seeds":1,"regions_unexplored:pine_log":127,"minecraft:cobbled_deepslate":197,"betteranimalsplus:antler":2,"minecraft:sugar_cane":3,"gobber2:gobber2_gooey_bread":4,"minecraft:furnace":1,"minecraft:stick":5,"minecraft:raw_iron":22,"minecraft:sweet_berries":10,"regions_unexplored:pine_sapling":8,"minecraft:torch":6,"minecraft:gravel":9,"minecraft:diorite":31,"minecraft:spider_eye":2,"regions_unexplored:dead_pine_sapling":1,"regions_unexplored:cattail":2,"gobber2:gobber2_foo":7,"minecraft:rotten_flesh":23,"minecraft:diamond":46,"minecraft:granite":46,"minecraft:coal":19,"minecraft:cobblestone":132,"minecraft:diamond_pickaxe":1},"minecraft:dropped":{"byg:biomepedia":1,"minecraft:sugar_cane":3,"gobber2:gobber2_foo":4,"regions_unexplored:pine_sapling":6,"minecraft:flint":1,"regions_unexplored:cattail":1,"regions_unexplored:dead_pine_sapling":1,"minecraft:diamond_pickaxe":1,"betteranimalsplus:antler":2,"minecraft:spider_eye":2,"minecraft:wooden_pickaxe":1,"regions_unexplored:dead_log":7},"minecraft:killed_by":{"betteranimalsplus:lamprey":1},"minecraft:used":{"minecraft:diorite":30,"minecraft:stone_pickaxe":159,"gobber2:gobber2_gooey_bread":2,"minecraft:wooden_pickaxe":24,"minecraft:torch":21,"minecraft:dirt":12,"minecraft:crafting_table":9,"minecraft:tuff":3,"minecraft:wooden_axe":62,"minecraft:diamond_pickaxe":377,"minecraft:iron_axe":78,"minecraft:iron_pickaxe":33,"minecraft:gravel":9,"minecraft:stone_axe":82,"gobber2:gobber2_gooey_beef":1,"minecraft:cobblestone":12,"regions_unexplored:cattail":1,"minecraft:sweet_berries":10,"minecraft:furnace":2,"minecraft:bucket":1,"minecraft:cobbled_deepslate":5,"betteranimalsplus:venisonraw":1}},"DataVersion":3120}