{"stats":{"minecraft:broken":{"minecraft:stone_pickaxe":1,"minecraft:iron_axe":1,"minecraft:iron_pickaxe":1,"minecraft:wooden_axe":1},"minecraft:custom":{"minecraft:mob_kills":134,"minecraft:interact_with_crafting_table":50,"minecraft:open_barrel":1,"minecraft:leave_game":9,"minecraft:time_since_death":153051,"minecraft:climb_one_cm":4565,"minecraft:sprint_one_cm":199938,"minecraft:walk_one_cm":303621,"minecraft:damage_blocked_by_shield":1480,"minecraft:drop":69,"minecraft:play_time":160743,"minecraft:deaths":1,"minecraft:sneak_time":14680,"minecraft:walk_under_water_one_cm":37592,"minecraft:boat_one_cm":163172,"minecraft:jump":1805,"minecraft:interact_with_blast_furnace":4,"minecraft:walk_on_water_one_cm":31807,"minecraft:total_world_time":160743,"minecraft:interact_with_furnace":10,"minecraft:play_record":6,"minecraft:interact_with_loom":1,"minecraft:interact_with_stonecutter":1,"minecraft:time_since_rest":153097,"minecraft:damage_taken":2792,"minecraft:damage_dealt":27403,"minecraft:fly_one_cm":172384,"minecraft:swim_one_cm":45863,"minecraft:open_chest":72,"minecraft:crouch_one_cm":22640,"minecraft:interact_with_smoker":11,"minecraft:fall_one_cm":37355,"minecraft:inspect_dispenser":5},"minecraft:killed":{"graveyard:revenant":1,"minecraft:spider":8,"betteranimalsplus:deer":1,"minecraft:drowned":1,"minecraft:wolf":1,"graveyard:ghoul":1,"minecraft:creeper":1,"betteranimalsplus:eel_freshwater":1,"minecraft:pillager":91,"minecraft:zombie":27,"betteranimalsplus:horseshoecrab":1},"minecraft:crafted":{"minecraft:oak_planks":8,"minecraft:jukebox":1,"minecraft:furnace":1,"minecraft:diamond_shovel":1,"minecraft:cooked_mutton":1,"minecraft:diamond_leggings":1,"minecraft:diamond_helmet":1,"minecraft:bow":1,"minecraft:iron_axe":1,"byg:maple_boat":1,"minecraft:stone_pickaxe":2,"minecraft:diamond_boots":1,"minecraft:dark_oak_planks":4,"minecraft:wheat":9,"minecraft:cooked_porkchop":1,"minecraft:diamond_axe":1,"minecraft:crafting_table":8,"minecraft:wooden_pickaxe":2,"minecraft:baked_potato":12,"minecraft:stone_axe":1,"minecraft:bread":9,"minecraft:air":0,"byg:palm_planks":52,"regions_unexplored:pine_planks":236,"minecraft:diamond_pickaxe":1,"minecraft:shield":1,"minecraft:stick":32,"byg:maple_planks":28,"minecraft:iron_ingot":22,"minecraft:iron_pickaxe":1,"minecraft:wooden_axe":1,"minecraft:torch":24,"minecraft:diamond_chestplate":1},"minecraft:mined":{"byg:maple_log":63,"minecraft:diamond_ore":5,"minecraft:tuff":9,"minecraft:mossy_cobblestone":37,"minecraft:deepslate_diamond_ore":47,"minecraft:cobblestone_stairs":1,"minecraft:obsidian":21,"regions_unexplored:cattail":2,"minecraft:granite":46,"minecraft:spruce_fence":2,"minecraft:grass_block":2,"gobber2:gobber2_lucky_block":3,"regions_unexplored:pine_planks":4,"regions_unexplored:dead_log":8,"minecraft:hopper":4,"minecraft:hay_block":1,"minecraft:furnace":1,"minecraft:iron_ore":22,"minecraft:cobbled_deepslate":13,"minecraft:andesite":8,"regions_unexplored:medium_grass":4,"minecraft:stone":129,"minecraft:spruce_slab":1,"minecraft:deepslate_redstone_ore":1,"minecraft:scaffolding":1,"regions_unexplored:duckweed":1,"minecraft:crafting_table":8,"minecraft:torch":6,"minecraft:chest":1,"minecraft:campfire":1,"minecraft:lectern":1,"minecraft:copper_ore":1,"minecraft:cobblestone":91,"minecraft:deepslate_gold_ore":10,"minecraft:sugar_cane":2,"minecraft:diorite":40,"minecraft:iron_door":1,"minecraft:wall_torch":2,"regions_unexplored:pine_log":132,"minecraft:stone_stairs":3,"byg:palm_log":74,"minecraft:sweet_berry_bush":4,"minecraft:spruce_log":1,"minecraft:jukebox":1,"byg:red_maple_leaves":1,"minecraft:white_wall_banner":3,"minecraft:smooth_stone_slab":10,"gobber2:gobber2_lucky_block_deepslate":9,"minecraft:grass":19,"minecraft:oak_log":2,"minecraft:coal_ore":19,"minecraft:sand":9,"minecraft:gravel":23,"minecraft:dirt":14,"minecraft:fern":3,"minecraft:gold_ore":6,"minecraft:deepslate":468},"minecraft:picked_up":{"minecraft:charcoal":2,"minecraft:wheat":1,"minecraft:crafting_table":8,"gobber2:gobber2_rod":1,"minecraft:brown_mushroom":1,"betteranimalsplus:venisonraw":1,"regions_unexplored:dead_log":7,"minecraft:string":15,"minecraft:raw_copper":5,"minecraft:smooth_stone_slab":6,"graveyard:corruption":1,"regions_unexplored:pine_log":127,"minecraft:cobbled_deepslate":513,"minecraft:spruce_planks":2,"minecraft:lectern":1,"minecraft:sugar_cane":3,"minecraft:chest":1,"minecraft:furnace":1,"minecraft:stick":6,"minecraft:raw_iron":22,"minecraft:jukebox":1,"minecraft:torch":9,"minecraft:spruce_fence":6,"minecraft:diorite":39,"minecraft:redstone":4,"regions_unexplored:dead_pine_sapling":1,"gobber2:gobber2_foo":10,"minecraft:rotten_flesh":28,"minecraft:hay_block":1,"byg:palm_log":13,"minecraft:obsidian":20,"minecraft:cobblestone":222,"betteranimalsplus:wolf_pelt_snowy":2,"minecraft:iron_door":1,"minecraft:andesite":8,"gobber2:gobber2_gooey_beefstew":1,"minecraft:potato":1,"minecraft:oak_log":2,"minecraft:flint":3,"minecraft:tuff":9,"minecraft:gunpowder":5,"minecraft:cobblestone_stairs":2,"minecraft:dirt":16,"minecraft:lantern":1,"minecraft:white_banner":11,"minecraft:apple":2,"minecraft:kelp":4,"gobber2:gobber2_gooey_beef":2,"minecraft:wheat_seeds":3,"betteranimalsplus:antler":2,"minecraft:raw_gold":16,"gobber2:gobber2_gooey_bread":4,"byg:maple_log":7,"minecraft:music_disc_13":6,"minecraft:sweet_berries":10,"regions_unexplored:pine_sapling":8,"regions_unexplored:pine_planks":59,"minecraft:gravel":19,"minecraft:sand":9,"minecraft:spruce_sapling":2,"minecraft:spider_eye":12,"minecraft:mossy_cobblestone":31,"regions_unexplored:cattail":2,"betteranimalsplus:eel_meat_raw":1,"minecraft:diamond":52,"minecraft:spruce_boat":1,"minecraft:writable_book":1,"minecraft:crossbow":3,"minecraft:granite":46,"minecraft:melon_seeds":3,"minecraft:hopper":4,"minecraft:coal":19,"minecraft:diamond_pickaxe":2},"minecraft:dropped":{"byg:biomepedia":1,"minecraft:brown_mushroom":1,"minecraft:wheat_seeds":2,"gobber2:gobber2_foo":4,"minecraft:glass_bottle":1,"minecraft:crossbow":1,"minecraft:cobblestone":7,"minecraft:lantern":1,"regions_unexplored:pine_sapling":8,"minecraft:cobblestone_stairs":2,"minecraft:flint":2,"byg:maple_planks":5,"regions_unexplored:dead_pine_sapling":1,"regions_unexplored:dead_log":7,"minecraft:spruce_sapling":1,"minecraft:redstone":4,"minecraft:gravel":1,"minecraft:kelp":4,"minecraft:sugar_cane":3,"regions_unexplored:pine_planks":59,"minecraft:cobbled_deepslate":30,"minecraft:wheat":3,"minecraft:oak_planks":4,"minecraft:spruce_fence":6,"regions_unexplored:cattail":1,"minecraft:gunpowder":2,"betteranimalsplus:wolf_pelt_snowy":2,"minecraft:diamond_pickaxe":2,"betteranimalsplus:antler":2,"minecraft:spider_eye":10,"minecraft:wooden_pickaxe":1},"minecraft:killed_by":{"betteranimalsplus:lamprey":1},"minecraft:used":{"regions_unexplored:pine_planks":2,"gobber2:gobber2_gooey_bread":2,"minecraft:chest":1,"minecraft:shield":53,"minecraft:cooked_salmon":2,"byg:maple_planks":18,"minecraft:rotten_flesh":18,"minecraft:torch":28,"minecraft:dirt":12,"minecraft:mutton":2,"minecraft:tuff":6,"minecraft:music_disc_13":6,"minecraft:wooden_axe":62,"minecraft:iron_axe":165,"gobber2:gobber2_gooey_beef":2,"minecraft:bow":18,"minecraft:sweet_berries":10,"minecraft:furnace":2,"minecraft:cooked_cod":2,"minecraft:potato":1,"minecraft:cobbled_deepslate":137,"betteranimalsplus:venisonraw":1,"minecraft:cooked_mutton":1,"minecraft:water_bucket":3,"minecraft:diorite":30,"minecraft:baked_potato":12,"minecraft:stone_pickaxe":159,"minecraft:wooden_pickaxe":24,"minecraft:diamond_axe":328,"minecraft:mossy_cobblestone":31,"minecraft:crafting_table":14,"minecraft:crossbow":2,"minecraft:diamond_pickaxe":654,"minecraft:diamond_shovel":9,"minecraft:bread":10,"minecraft:iron_pickaxe":245,"minecraft:gravel":18,"minecraft:stone_axe":82,"betteranimalsplus:eel_meat_raw":1,"minecraft:potion":1,"regions_unexplored:cattail":1,"minecraft:cobblestone":77,"minecraft:cooked_porkchop":1,"minecraft:bucket":4,"byg:palm_planks":42,"byg:maple_boat":1,"minecraft:experience_bottle":1,"minecraft:jukebox":1}},"DataVersion":3120}