{"stats":{"minecraft:broken":{"minecraft:stone_pickaxe":1,"minecraft:wooden_axe":1},"minecraft:custom":{"minecraft:mob_kills":1,"minecraft:interact_with_crafting_table":2,"minecraft:open_barrel":5,"minecraft:time_since_death":20010,"minecraft:time_since_rest":20039,"minecraft:sprint_one_cm":55377,"minecraft:damage_taken":680,"minecraft:walk_one_cm":55569,"minecraft:drop":27,"minecraft:damage_dealt":520,"minecraft:fly_one_cm":79812,"minecraft:swim_one_cm":5455,"minecraft:open_chest":1,"minecraft:crouch_one_cm":2593,"minecraft:play_time":25755,"minecraft:deaths":2,"minecraft:sneak_time":1030,"minecraft:walk_under_water_one_cm":6957,"minecraft:boat_one_cm":191389,"minecraft:jump":393,"minecraft:walk_on_water_one_cm":6827,"minecraft:total_world_time":25755,"minecraft:fall_one_cm":11239},"minecraft:killed":{"minecraft:zombie":1},"minecraft:crafted":{"minecraft:crafting_table":1,"regions_unexplored:maple_planks":188,"regions_unexplored:pine_planks":380,"minecraft:stick":4,"minecraft:wooden_axe":2},"minecraft:picked_up":{"minecraft:coarse_dirt":4,"minecraft:crafting_table":2,"minecraft:golden_leggings":1,"minecraft:prismarine_bricks":1,"minecraft:dirt":16,"minecraft:string":1,"minecraft:bone":2,"minecraft:apple":1,"minecraft:kelp":2,"regions_unexplored:stripped_pine_log":10,"minecraft:wheat_seeds":9,"regions_unexplored:pine_log":88,"minecraft:stone_pickaxe":1,"minecraft:prismarine":2,"minecraft:furnace":1,"regions_unexplored:duckweed":25,"regions_unexplored:tall_maple_sapling":1,"minecraft:stick":13,"regions_unexplored:pine_sapling":1,"regions_unexplored:tall_spruce_sapling":1,"minecraft:spruce_sapling":3,"minecraft:prismarine_crystals":2,"minecraft:spider_eye":1,"regions_unexplored:mossy_stone":1,"minecraft:dark_prismarine":2,"regions_unexplored:cattail":7,"regions_unexplored:dead_pine_sapling":25,"minecraft:rotten_flesh":3,"minecraft:stone_shovel":1,"regions_unexplored:maple_log":47,"minecraft:coal":8,"minecraft:cobblestone":15},"minecraft:mined":{"minecraft:dark_prismarine":2,"minecraft:crafting_table":2,"regions_unexplored:cattail":7,"minecraft:grass_block":4,"minecraft:prismarine":2,"regions_unexplored:pine_log":85,"minecraft:large_fern":2,"minecraft:prismarine_bricks":2,"minecraft:coarse_dirt":2,"regions_unexplored:stone_bud":16,"minecraft:furnace":1,"regions_unexplored:dead_pine_leaves":1,"minecraft:fire":4,"regions_unexplored:mossy_stone":1,"regions_unexplored:pine_log_transition":3,"regions_unexplored:tall_maple_sapling":1,"minecraft:grass":38,"minecraft:coal_ore":8,"minecraft:dirt":12,"regions_unexplored:medium_grass":25,"regions_unexplored:stripped_pine_log":10,"minecraft:stone":15},"minecraft:dropped":{"byg:biomepedia":1,"regions_unexplored:pine_planks":192,"minecraft:wheat_seeds":2,"minecraft:coarse_dirt":4,"minecraft:rotten_flesh":2,"regions_unexplored:tall_maple_sapling":1,"minecraft:dirt":2,"regions_unexplored:cattail":7,"minecraft:spider_eye":1,"regions_unexplored:tall_spruce_sapling":1,"minecraft:string":1,"minecraft:bone":2},"minecraft:used":{"minecraft:stone_pickaxe":83,"minecraft:rotten_flesh":1,"regions_unexplored:maple_planks":5,"minecraft:dirt":14,"minecraft:crafting_table":1,"minecraft:prismarine_bricks":1,"minecraft:wooden_axe":109,"minecraft:apple":1,"minecraft:golden_leggings":1,"minecraft:cobblestone":15}},"DataVersion":3120}