{"stats":{"minecraft:custom":{"minecraft:jump":52,"minecraft:time_since_rest":1755,"minecraft:crouch_one_cm":178,"minecraft:sprint_one_cm":6737,"minecraft:play_time":1755,"minecraft:damage_taken":20,"minecraft:time_since_death":1755,"minecraft:walk_one_cm":7283,"minecraft:sneak_time":60,"minecraft:total_world_time":1755,"minecraft:fall_one_cm":1240,"minecraft:drop":1,"minecraft:fly_one_cm":11701},"minecraft:mined":{"minecraft:grass":5,"regions_unexplored:medium_grass":2,"regions_unexplored:stone_bud":1},"minecraft:dropped":{"byg:biomepedia":1}},"DataVersion":3120}