{"stats":{"minecraft:broken":{"minecraft:wooden_axe":1},"minecraft:custom":{"minecraft:time_since_rest":8039,"minecraft:sprint_one_cm":43263,"minecraft:damage_taken":490,"minecraft:walk_one_cm":44358,"minecraft:mob_kills":1,"minecraft:drop":27,"minecraft:damage_dealt":374,"minecraft:interact_with_crafting_table":2,"minecraft:fly_one_cm":62356,"minecraft:crouch_one_cm":1215,"minecraft:play_time":13755,"minecraft:walk_under_water_one_cm":150,"minecraft:deaths":2,"minecraft:sneak_time":456,"minecraft:boat_one_cm":988,"minecraft:jump":290,"minecraft:time_since_death":8010,"minecraft:walk_on_water_one_cm":3073,"minecraft:total_world_time":13755,"minecraft:fall_one_cm":8282},"minecraft:killed":{"minecraft:zombie":1},"minecraft:crafted":{"regions_unexplored:pine_planks":380,"minecraft:crafting_table":1,"minecraft:stick":4,"minecraft:wooden_axe":2},"minecraft:dropped":{"byg:biomepedia":1,"regions_unexplored:cattail":7,"minecraft:dirt":2,"regions_unexplored:pine_planks":192,"minecraft:wheat_seeds":2,"minecraft:coarse_dirt":4,"minecraft:rotten_flesh":2,"minecraft:spider_eye":1,"regions_unexplored:tall_maple_sapling":1,"regions_unexplored:tall_spruce_sapling":1,"minecraft:string":1,"minecraft:bone":2},"minecraft:mined":{"minecraft:large_fern":2,"minecraft:coarse_dirt":2,"regions_unexplored:stone_bud":12,"regions_unexplored:dead_pine_leaves":1,"minecraft:crafting_table":1,"regions_unexplored:pine_log_transition":3,"regions_unexplored:cattail":7,"regions_unexplored:tall_maple_sapling":1,"minecraft:grass":19,"minecraft:coal_ore":7,"minecraft:grass_block":4,"minecraft:dirt":12,"regions_unexplored:stripped_pine_log":10,"regions_unexplored:medium_grass":12,"minecraft:stone":6,"regions_unexplored:pine_log":85},"minecraft:picked_up":{"minecraft:crafting_table":1,"minecraft:stick":9,"regions_unexplored:tall_maple_sapling":1,"minecraft:coarse_dirt":4,"minecraft:golden_leggings":1,"regions_unexplored:pine_sapling":1,"regions_unexplored:tall_spruce_sapling":1,"minecraft:string":1,"minecraft:spider_eye":1,"minecraft:dirt":16,"regions_unexplored:dead_pine_sapling":25,"regions_unexplored:cattail":7,"minecraft:stone_shovel":1,"minecraft:bone":2,"minecraft:rotten_flesh":2,"minecraft:apple":1,"regions_unexplored:pine_log":88,"regions_unexplored:stripped_pine_log":10,"minecraft:wheat_seeds":5,"minecraft:stone_pickaxe":1,"minecraft:coal":7,"minecraft:cobblestone":6,"regions_unexplored:duckweed":24},"minecraft:used":{"minecraft:wooden_axe":108,"minecraft:stone_pickaxe":24,"minecraft:golden_leggings":1,"minecraft:dirt":14,"minecraft:crafting_table":1}},"DataVersion":3120}