{
  "minecraft:recipes/tools/wooden_axe": {
    "criteria": {
      "has_stick": "2024-07-09 01:34:03 +0000"
    },
    "done": true
  },
  "minecraft:recipes/redstone/lever": {
    "criteria": {
      "has_cobblestone": "2024-07-09 01:36:03 +0000"
    },
    "done": true
  },
  "smallships:recipes/transportation/birch_drakkar": {
    "criteria": {
      "in_water": "2024-07-09 01:37:00 +0000"
    },
    "done": true
  },
  "minecraft:recipes/building_blocks/cobblestone_stairs_from_cobblestone_stonecutting": {
    "criteria": {
      "has_cobblestone": "2024-07-09 01:36:03 +0000"
    },
    "done": true
  },
  "minecraft:recipes/building_blocks/andesite_stairs_from_andesite_stonecutting": {
    "criteria": {
      "has_andesite": "2024-07-09 01:42:55 +0000"
    },
    "done": true
  },
  "smallships:recipes/transportation/oak_brigg": {
    "criteria": {
      "in_water": "2024-07-09 01:37:00 +0000"
    },
    "done": true
  },
  "smallships:recipes/transportation/jungle_drakkar": {
    "criteria": {
      "in_water": "2024-07-09 01:37:00 +0000"
    },
    "done": true
  },
  "smallships:recipes/transportation/acacia_cog": {
    "criteria": {
      "in_water": "2024-07-09 01:37:00 +0000"
    },
    "done": true
  },
  "smallships:recipes/transportation/birch_galley": {
    "criteria": {
      "in_water": "2024-07-09 01:37:00 +0000"
    },
    "done": true
  },
  "byg:root": {
    "criteria": {
      "tick": "2024-07-09 01:32:09 +0000"
    },
    "done": true
  },
  "minecraft:recipes/building_blocks/polished_andesite_stairs_from_andesite_stonecutting": {
    "criteria": {
      "has_andesite": "2024-07-09 01:42:55 +0000"
    },
    "done": true
  },
  "minecraft:story/mine_stone": {
    "criteria": {
      "get_stone": "2024-07-09 01:36:03 +0000"
    },
    "done": true
  },
  "minecraft:recipes/building_blocks/stone": {
    "criteria": {
      "has_cobblestone": "2024-07-09 01:36:03 +0000"
    },
    "done": true
  },
  "minecraft:recipes/building_blocks/polished_andesite": {
    "criteria": {
      "has_andesite": "2024-07-09 01:42:55 +0000"
    },
    "done": true
  },
  "smallships:recipes/transportation/oak_drakkar": {
    "criteria": {
      "in_water": "2024-07-09 01:37:00 +0000"
    },
    "done": true
  },
  "minecraft:recipes/decorations/furnace": {
    "criteria": {
      "has_cobblestone": "2024-07-09 01:36:03 +0000"
    },
    "done": true
  },
  "byg:husbandry/root": {
    "criteria": {
      "consumed_item": "2024-07-09 01:41:49 +0000"
    },
    "done": true
  },
  "smallships:recipes/transportation/birch_brigg": {
    "criteria": {
      "in_water": "2024-07-09 01:37:00 +0000"
    },
    "done": true
  },
  "minecraft:recipes/building_blocks/andesite_stairs": {
    "criteria": {
      "has_andesite": "2024-07-09 01:42:55 +0000"
    },
    "done": true
  },
  "minecraft:recipes/decorations/crafting_table": {
    "criteria": {
      "has_planks": "2024-07-09 01:33:08 +0000"
    },
    "done": true
  },
  "minecraft:recipes/decorations/campfire": {
    "criteria": {
      "has_stick": "2024-07-09 01:34:03 +0000"
    },
    "done": true
  },
  "minecraft:recipes/misc/charcoal": {
    "criteria": {
      "has_log": "2024-07-09 01:32:46 +0000"
    },
    "done": true
  },
  "smallships:recipes/transportation/birch_cog": {
    "criteria": {
      "in_water": "2024-07-09 01:37:00 +0000"
    },
    "done": true
  },
  "minecraft:recipes/tools/wooden_pickaxe": {
    "criteria": {
      "has_stick": "2024-07-09 01:34:03 +0000"
    },
    "done": true
  },
  "minecraft:recipes/building_blocks/cobblestone_slab_from_cobblestone_stonecutting": {
    "criteria": {
      "has_cobblestone": "2024-07-09 01:36:03 +0000"
    },
    "done": true
  },
  "smallships:recipes/transportation/dark_oak_drakkar": {
    "criteria": {
      "in_water": "2024-07-09 01:37:00 +0000"
    },
    "done": true
  },
  "minecraft:recipes/decorations/ladder": {
    "criteria": {
      "has_stick": "2024-07-09 01:34:03 +0000"
    },
    "done": true
  },
  "minecraft:husbandry/root": {
    "criteria": {
      "consumed_item": "2024-07-09 01:41:49 +0000"
    },
    "done": true
  },
  "smallships:recipes/transportation/spruce_drakkar": {
    "criteria": {
      "in_water": "2024-07-09 01:37:00 +0000"
    },
    "done": true
  },
  "minecraft:recipes/decorations/chest": {
    "criteria": {
      "has_lots_of_items": "2024-07-09 01:39:35 +0000"
    },
    "done": true
  },
  "minecraft:recipes/transportation/birch_boat": {
    "criteria": {
      "in_water": "2024-07-09 01:37:00 +0000"
    },
    "done": true
  },
  "minecraft:recipes/combat/stone_sword": {
    "criteria": {
      "has_cobblestone": "2024-07-09 01:36:03 +0000"
    },
    "done": true
  },
  "smallships:recipes/transportation/oak_cog": {
    "criteria": {
      "in_water": "2024-07-09 01:37:00 +0000"
    },
    "done": true
  },
  "minecraft:recipes/transportation/mangrove_boat": {
    "criteria": {
      "in_water": "2024-07-09 01:37:00 +0000"
    },
    "done": true
  },
  "minecraft:recipes/decorations/cobblestone_wall": {
    "criteria": {
      "has_cobblestone": "2024-07-09 01:36:03 +0000"
    },
    "done": true
  },
  "minecraft:recipes/building_blocks/polished_andesite_slab_from_andesite_stonecutting": {
    "criteria": {
      "has_andesite": "2024-07-09 01:42:55 +0000"
    },
    "done": true
  },
  "minecraft:recipes/decorations/barrel": {
    "criteria": {
      "has_planks": "2024-07-09 01:33:08 +0000"
    },
    "done": true
  },
  "minecraft:recipes/building_blocks/polished_andesite_from_andesite_stonecutting": {
    "criteria": {
      "has_andesite": "2024-07-09 01:42:55 +0000"
    },
    "done": true
  },
  "minecraft:recipes/tools/wooden_shovel": {
    "criteria": {
      "has_stick": "2024-07-09 01:34:03 +0000"
    },
    "done": true
  },
  "minecraft:recipes/decorations/torch": {
    "criteria": {
      "has_stone_pickaxe": "2024-07-09 01:37:26 +0000"
    },
    "done": true
  },
  "minecraft:recipes/transportation/acacia_boat": {
    "criteria": {
      "in_water": "2024-07-09 01:37:00 +0000"
    },
    "done": true
  },
  "minecraft:recipes/tools/stone_pickaxe": {
    "criteria": {
      "has_cobblestone": "2024-07-09 01:36:03 +0000"
    },
    "done": true
  },
  "vanilla-hammers:hammers/root": {
    "criteria": {
      "wooden_pickaxe": "2024-07-09 01:35:30 +0000"
    },
    "done": true
  },
  "betteranimalsplus:root": {
    "criteria": {
      "tick": "2024-07-09 01:32:09 +0000"
    },
    "done": true
  },
  "vanilla-hammers:hammers/stone_hammer_recipe_reward": {
    "criteria": {
      "vanilla-hammers:stone_hammer": "2024-07-09 01:32:09 +0000"
    },
    "done": true
  },
  "minecraft:recipes/misc/stick": {
    "criteria": {
      "has_planks": "2024-07-09 01:33:08 +0000"
    },
    "done": true
  },
  "minecraft:recipes/building_blocks/andesite_slab_from_andesite_stonecutting": {
    "criteria": {
      "has_andesite": "2024-07-09 01:42:55 +0000"
    },
    "done": true
  },
  "smallships:recipes/transportation/mangrove_galley": {
    "criteria": {
      "in_water": "2024-07-09 01:37:00 +0000"
    },
    "done": true
  },
  "smallships:recipes/misc/sail": {
    "criteria": {
      "in_water": "2024-07-09 01:37:00 +0000"
    },
    "done": true
  },
  "smallships:recipes/transportation/acacia_galley": {
    "criteria": {
      "in_water": "2024-07-09 01:37:00 +0000"
    },
    "done": true
  },
  "minecraft:recipes/transportation/jungle_boat": {
    "criteria": {
      "in_water": "2024-07-09 01:37:00 +0000"
    },
    "done": true
  },
  "minecraft:recipes/transportation/spruce_boat": {
    "criteria": {
      "in_water": "2024-07-09 01:37:00 +0000"
    },
    "done": true
  },
  "minecraft:recipes/decorations/cobblestone_wall_from_cobblestone_stonecutting": {
    "criteria": {
      "has_cobblestone": "2024-07-09 01:36:03 +0000"
    },
    "done": true
  },
  "minecraft:recipes/combat/wooden_sword": {
    "criteria": {
      "has_stick": "2024-07-09 01:34:03 +0000"
    },
    "done": true
  },
  "minecraft:recipes/tools/stone_shovel": {
    "criteria": {
      "has_cobblestone": "2024-07-09 01:36:03 +0000"
    },
    "done": true
  },
  "smallships:recipes/transportation/mangrove_cog": {
    "criteria": {
      "in_water": "2024-07-09 01:37:00 +0000"
    },
    "done": true
  },
  "minecraft:recipes/tools/stone_hoe": {
    "criteria": {
      "has_cobblestone": "2024-07-09 01:36:03 +0000"
    },
    "done": true
  },
  "smallships:recipes/transportation/oak_galley": {
    "criteria": {
      "in_water": "2024-07-09 01:37:00 +0000"
    },
    "done": true
  },
  "minecraft:recipes/transportation/dark_oak_boat": {
    "criteria": {
      "in_water": "2024-07-09 01:37:00 +0000"
    },
    "done": true
  },
  "minecraft:recipes/decorations/andesite_wall_from_andesite_stonecutting": {
    "criteria": {
      "has_andesite": "2024-07-09 01:42:55 +0000"
    },
    "done": true
  },
  "smallships:recipes/transportation/mangrove_brigg": {
    "criteria": {
      "in_water": "2024-07-09 01:37:00 +0000"
    },
    "done": true
  },
  "smallships:recipes/transportation/spruce_galley": {
    "criteria": {
      "in_water": "2024-07-09 01:37:00 +0000"
    },
    "done": true
  },
  "minecraft:husbandry/balanced_diet": {
    "criteria": {
      "apple": "2024-07-09 01:41:49 +0000"
    },
    "done": false
  },
  "minecraft:recipes/tools/wooden_hoe": {
    "criteria": {
      "has_stick": "2024-07-09 01:34:03 +0000"
    },
    "done": true
  },
  "regions_unexplored:regions_unexplored": {
    "criteria": {
      "regions_unexplored": "2024-07-09 01:32:09 +0000"
    },
    "done": true
  },
  "smallships:recipes/transportation/acacia_drakkar": {
    "criteria": {
      "in_water": "2024-07-09 01:37:00 +0000"
    },
    "done": true
  },
  "regions_unexplored:regions_explored": {
    "criteria": {
      "regions_unexplored:fen": "2024-07-09 01:32:10 +0000"
    },
    "done": false
  },
  "minecraft:recipes/building_blocks/cobblestone_slab": {
    "criteria": {
      "has_cobblestone": "2024-07-09 01:36:03 +0000"
    },
    "done": true
  },
  "smallships:recipes/transportation/spruce_brigg": {
    "criteria": {
      "in_water": "2024-07-09 01:37:00 +0000"
    },
    "done": true
  },
  "smallships:recipes/transportation/jungle_galley": {
    "criteria": {
      "in_water": "2024-07-09 01:37:00 +0000"
    },
    "done": true
  },
  "smallships:recipes/transportation/jungle_brigg": {
    "criteria": {
      "in_water": "2024-07-09 01:37:00 +0000"
    },
    "done": true
  },
  "smallships:recipes/transportation/acacia_brigg": {
    "criteria": {
      "in_water": "2024-07-09 01:37:00 +0000"
    },
    "done": true
  },
  "minecraft:recipes/building_blocks/cobblestone_stairs": {
    "criteria": {
      "has_cobblestone": "2024-07-09 01:36:03 +0000"
    },
    "done": true
  },
  "betteranimalsplus:bad_fox": {
    "criteria": {
      "no_bam": "2024-07-09 01:32:21 +0000"
    },
    "done": false
  },
  "smallships:recipes/transportation/dark_oak_brigg": {
    "criteria": {
      "in_water": "2024-07-09 01:37:00 +0000"
    },
    "done": true
  },
  "smallships:recipes/transportation/dark_oak_galley": {
    "criteria": {
      "in_water": "2024-07-09 01:37:00 +0000"
    },
    "done": true
  },
  "minecraft:story/upgrade_tools": {
    "criteria": {
      "stone_pickaxe": "2024-07-09 01:37:26 +0000"
    },
    "done": true
  },
  "smallships:recipes/transportation/dark_oak_cog": {
    "criteria": {
      "in_water": "2024-07-09 01:37:00 +0000"
    },
    "done": true
  },
  "minecraft:recipes/decorations/andesite_wall": {
    "criteria": {
      "has_andesite": "2024-07-09 01:42:55 +0000"
    },
    "done": true
  },
  "minecraft:recipes/building_blocks/andesite_slab": {
    "criteria": {
      "has_andesite": "2024-07-09 01:42:55 +0000"
    },
    "done": true
  },
  "minecraft:story/root": {
    "criteria": {
      "crafting_table": "2024-07-09 01:33:11 +0000"
    },
    "done": true
  },
  "naturalist:recipes/food/cooked_egg": {
    "criteria": {
      "has_eggs": "2024-07-09 01:32:09 +0000"
    },
    "done": true
  },
  "minecraft:recipes/transportation/oak_boat": {
    "criteria": {
      "in_water": "2024-07-09 01:37:00 +0000"
    },
    "done": true
  },
  "minecraft:recipes/decorations/soul_campfire": {
    "criteria": {
      "has_stick": "2024-07-09 01:34:03 +0000"
    },
    "done": true
  },
  "minecraft:recipes/combat/crossbow": {
    "criteria": {
      "has_stick": "2024-07-09 01:34:03 +0000"
    },
    "done": true
  },
  "smallships:recipes/transportation/spruce_cog": {
    "criteria": {
      "in_water": "2024-07-09 01:37:00 +0000"
    },
    "done": true
  },
  "minecraft:recipes/tools/stone_axe": {
    "criteria": {
      "has_cobblestone": "2024-07-09 01:36:03 +0000"
    },
    "done": true
  },
  "smallships:recipes/transportation/mangrove_drakkar": {
    "criteria": {
      "in_water": "2024-07-09 01:37:00 +0000"
    },
    "done": true
  },
  "smallships:recipes/transportation/jungle_cog": {
    "criteria": {
      "in_water": "2024-07-09 01:37:00 +0000"
    },
    "done": true
  },
  "immersive_armors:recipes/misc/wooden": {
    "criteria": {
      "has_item": "2024-07-09 01:32:46 +0000"
    },
    "done": true
  },
  "DataVersion": 3120
}